Sensor;SENSOR01;SENSOR02;SENSOR03;SENSOR04;SENSOR05;SENSOR06;SENSOR07;SENSOR08;SENSOR09
Start;2024-09-02 09:26:30;2024-09-02 09:26:20;2024-09-02 09:27:50;2024-09-02 09:28:45;2024-09-09 16:13:15;2024-09-02 09:31:55;2024-09-02 09:33:30;2024-09-02 09:35:25;2024-09-09 14:00:00
End;2024-09-11 11:28:30;2024-09-11 11:27:55;2024-09-11 11:24:55;2024-09-11 03:32:40;2024-09-11 11:28:40;2024-09-11 11:25:45;2024-09-11 11:27:10;2024-09-11 11:27:15;2024-09-11 11:26:20
Missing Start;2024-09-09 07:04:15;;2024-09-02 09:35:25;2024-09-11 03:32:45;2024-09-02 09:35:25;;;;2024-09-02 09:35:25
Missing End;2024-09-09 08:24:40;;2024-09-06 14:07:55;2024-09-11 11:24:55;2024-09-09 16:13:10;;;;2024-09-09 13:59:55
Length;155869;156835;84444;151168;31101;156835;156835;156835;32700
Temperature min;5.3;5.8;4.8;5.6;6.9;5.1;6.0;9.0;5.4
Temperature max;42.2;38.7;12.3;21.9;13.3;22.1;22.8;22.3;12.7
Temperature mean;11.339025078752028;11.93497624892403;6.543491544692341;8.358605657281965;8.242976110092924;7.793736729684061;8.534433002837376;11.685301750247076;7.318663608562692
Temperature std;5.774035289650634;6.4194578886727625;1.437902582028186;2.162755631882654;1.2638602395774945;2.1571694396864025;2.1122837744091054;2.086379688788388;1.612791003962473
Temperature q25;6.5;6.8;5.7;6.5;7.4;6.0;6.7;9.9;6.2
Temperature median;9.4;9.3;6.0;7.4;7.7;6.7;7.5;10.8;6.6
Temperature q75;13.9;14.4;6.6;10.0;8.7;9.4;10.1;13.2;7.9
Humidity min;26.1;28.0;67.0;53.9;52.4;53.7;53.5;41.2;55.6
Humidity max;99.9;99.9;99.9;99.9;91.9;99.9;99.9;89.4;99.9
Humidity mean;75.2396685678358;74.36819778748365;87.26318506939509;79.07685687447076;70.29649528954052;79.60619058245928;83.05762425479007;63.816188988427314;78.21772171253822
Humidity std;11.082365971346862;12.223562210434602;5.212855320198085;7.5852283963633615;5.144656197946198;8.32966797984909;8.12345579228386;6.481282596074192;6.919866548757922
Humidity q25;67.1;66.5;83.6;74.7;67.5;74.8;78.2;60.1;73.7
Humidity median;77.0;76.0;87.8;78.9;70.3;79.2;83.5;63.4;78.4
Humidity q75;82.5;82.6;91.0;83.0;72.7;83.5;88.4;66.7;82.7
Prominence;18.0;20.0;20.0;18.0;20.0;18.0;20.5;23.0;25.0
Peaks_Temperature;2024-09-02 11:32:50, 2024-09-02 12:28:25, 2024-09-02 13:42:55, 2024-09-02 14:30:20, 2024-09-02 15:57:15, 2024-09-02 22:21:35, 2024-09-03 02:24:50, 2024-09-03 05:51:30, 2024-09-03 08:33:00, 2024-09-03 10:45:15, 2024-09-04 10:41:50, 2024-09-04 15:45:20, 2024-09-03 09:48:25, 2024-09-03 12:42:25, 2024-09-03 14:04:20, 2024-09-03 15:08:40, 2024-09-03 16:00:15, 2024-09-03 18:57:30, 2024-09-03 19:26:35, 2024-09-03 21:53:55, 2024-09-04 01:29:15, 2024-09-04 04:27:20, 2024-09-04 05:04:05, 2024-09-04 09:12:35, 2024-09-04 09:54:35, 2024-09-04 05:52:00, 2024-09-04 06:19:20, 2024-09-04 11:54:25, 2024-09-04 12:40:50, 2024-09-04 13:32:30, 2024-09-05 07:09:55, 2024-09-05 12:23:20, 2024-09-05 15:34:10, 2024-09-05 14:03:45, 2024-09-05 16:48:10, 2024-09-06 01:03:00, 2024-09-06 09:06:05, 2024-09-06 12:23:05, 2024-09-06 14:38:05, 2024-09-06 15:06:35, 2024-09-06 15:24:45, 2024-09-06 14:47:45, 2024-09-06 15:33:10, 2024-09-06 15:39:10, 2024-09-09 08:51:20, 2024-09-09 13:31:45, 2024-09-10 03:02:05, 2024-09-10 10:36:25, 2024-09-11 08:25:55;2024-09-02 11:31:40, 2024-09-02 12:31:35, 2024-09-02 13:43:20, 2024-09-02 14:36:45, 2024-09-02 16:04:55, 2024-09-02 22:17:00, 2024-09-03 02:21:50, 2024-09-03 05:49:30, 2024-09-03 08:29:20, 2024-09-03 13:47:40, 2024-09-04 14:36:45, 2024-09-04 15:07:45, 2024-09-04 15:16:40, 2024-09-03 03:26:20, 2024-09-03 04:48:40, 2024-09-03 10:44:00, 2024-09-03 15:07:15, 2024-09-03 16:00:00, 2024-09-03 18:57:50, 2024-09-03 19:26:35, 2024-09-03 21:52:40, 2024-09-04 01:27:05, 2024-09-04 04:29:35, 2024-09-04 05:03:25, 2024-09-04 09:54:25, 2024-09-04 10:43:40, 2024-09-04 05:54:30, 2024-09-04 11:57:05, 2024-09-04 12:41:55, 2024-09-04 13:33:35, 2024-09-04 15:48:05, 2024-09-05 12:20:25, 2024-09-05 15:31:00, 2024-09-06 09:05:50, 2024-09-06 12:26:10, 2024-09-06 14:37:50, 2024-09-06 15:06:20, 2024-09-06 15:24:20, 2024-09-06 13:29:15, 2024-09-06 15:33:00, 2024-09-06 15:40:10, 2024-09-07 00:58:25, 2024-09-07 12:52:55, 2024-09-07 18:53:10, 2024-09-08 00:50:30, 2024-09-08 06:50:15, 2024-09-08 12:56:55, 2024-09-08 18:48:15, 2024-09-09 00:44:35, 2024-09-09 08:51:35, 2024-09-09 12:05:45, 2024-09-09 13:43:30, 2024-09-10 01:44:25, 2024-09-10 23:24:05, 2024-09-09 09:37:30, 2024-09-09 14:36:50, 2024-09-09 15:32:40, 2024-09-10 10:31:20;2024-09-06 14:44:00, 2024-09-06 15:44:10, 2024-09-06 18:57:00, 2024-09-07 00:56:15, 2024-09-07 12:51:30, 2024-09-07 18:50:10, 2024-09-08 00:49:45, 2024-09-08 06:48:55, 2024-09-08 12:55:05, 2024-09-08 18:45:35, 2024-09-09 00:43:35, 2024-09-09 08:46:15, 2024-09-09 11:05:35, 2024-09-09 12:34:55, 2024-09-09 09:37:45, 2024-09-09 14:35:00, 2024-09-09 15:32:20, 2024-09-09 16:13:50, 2024-09-09 17:10:30, 2024-09-10 00:40:20, 2024-09-10 06:37:40, 2024-09-10 08:24:25, 2024-09-10 10:32:35, 2024-09-10 12:59:50, 2024-09-10 13:16:10, 2024-09-10 18:34:40, 2024-09-11 00:32:25, 2024-09-11 06:32:40, 2024-09-11 08:55:00;2024-09-02 11:39:15, 2024-09-02 12:29:40, 2024-09-02 13:45:05, 2024-09-02 14:33:50, 2024-09-02 16:05:05, 2024-09-02 20:30:20, 2024-09-02 22:22:20, 2024-09-03 02:21:50, 2024-09-03 05:55:40, 2024-09-03 08:31:30, 2024-09-03 10:47:25, 2024-09-04 10:46:15, 2024-09-03 03:26:25, 2024-09-03 04:46:25, 2024-09-03 09:49:05, 2024-09-03 12:45:00, 2024-09-03 14:04:30, 2024-09-03 16:05:25, 2024-09-03 15:11:05, 2024-09-03 19:00:55, 2024-09-03 21:51:25, 2024-09-04 02:16:20, 2024-09-04 05:06:25, 2024-09-04 09:54:50, 2024-09-04 11:56:10, 2024-09-04 12:41:35, 2024-09-04 13:35:55, 2024-09-04 14:31:20, 2024-09-04 16:04:45, 2024-09-05 07:27:05, 2024-09-05 08:38:40, 2024-09-05 10:52:00, 2024-09-05 15:42:20, 2024-09-05 09:50:30, 2024-09-05 12:41:10, 2024-09-05 14:02:05, 2024-09-05 16:48:15, 2024-09-06 01:08:15, 2024-09-06 09:06:50, 2024-09-06 10:36:10, 2024-09-06 14:29:40, 2024-09-06 16:00:15, 2024-09-09 11:09:00, 2024-09-09 12:37:00, 2024-09-09 16:16:20, 2024-09-06 12:02:55, 2024-09-06 12:35:50, 2024-09-06 13:31:10, 2024-09-07 01:12:35, 2024-09-07 07:11:15, 2024-09-07 12:57:45, 2024-09-07 19:01:00, 2024-09-08 07:00:50, 2024-09-08 12:54:20, 2024-09-08 19:08:15, 2024-09-09 01:00:00, 2024-09-09 08:54:40, 2024-09-09 09:37:55, 2024-09-09 14:38:05, 2024-09-09 15:38:50, 2024-09-10 00:58:45, 2024-09-10 06:45:50, 2024-09-10 08:32:10, 2024-09-10 13:24:40, 2024-09-10 19:04:30, 2024-09-11 00:51:20;2024-09-09 16:32:25, 2024-09-10 00:47:25, 2024-09-10 06:41:00, 2024-09-10 08:38:55, 2024-09-10 10:40:00, 2024-09-10 13:20:35, 2024-09-10 19:08:20, 2024-09-11 00:49:15, 2024-09-11 06:45:20, 2024-09-11 09:16:05;2024-09-02 11:28:05, 2024-09-02 12:27:50, 2024-09-02 13:41:50, 2024-09-02 14:28:25, 2024-09-02 15:59:15, 2024-09-02 22:18:05, 2024-09-03 02:22:20, 2024-09-03 05:49:10, 2024-09-03 08:29:55, 2024-09-03 10:45:35, 2024-09-04 10:41:55, 2024-09-03 09:44:55, 2024-09-03 12:39:50, 2024-09-03 13:48:05, 2024-09-03 15:05:20, 2024-09-03 15:57:55, 2024-09-03 18:58:30, 2024-09-03 21:54:40, 2024-09-04 02:08:10, 2024-09-04 05:07:25, 2024-09-04 09:53:35, 2024-09-04 11:55:00, 2024-09-04 12:40:00, 2024-09-04 14:30:00, 2024-09-04 15:56:40, 2024-09-04 13:30:20, 2024-09-05 01:15:25, 2024-09-05 07:28:45, 2024-09-05 08:34:05, 2024-09-05 10:49:40, 2024-09-05 09:50:35, 2024-09-05 12:24:45, 2024-09-05 15:36:10, 2024-09-05 16:48:35, 2024-09-06 09:05:35, 2024-09-06 10:34:20, 2024-09-06 14:31:20, 2024-09-06 15:59:30, 2024-09-06 11:51:15, 2024-09-06 12:32:10, 2024-09-06 13:29:50, 2024-09-06 18:57:50, 2024-09-07 00:58:35, 2024-09-07 07:05:15, 2024-09-07 12:52:40, 2024-09-07 19:04:45, 2024-09-08 06:49:10, 2024-09-08 12:56:15, 2024-09-08 18:46:00, 2024-09-09 00:55:55, 2024-09-09 08:50:15, 2024-09-09 09:33:50, 2024-09-09 11:04:35, 2024-09-09 12:34:55, 2024-09-09 16:08:25, 2024-09-09 13:54:55, 2024-09-09 14:34:55, 2024-09-09 15:33:45, 2024-09-10 00:41:35, 2024-09-10 08:28:00, 2024-09-10 10:31:40, 2024-09-10 13:14:05, 2024-09-10 19:06:25, 2024-09-11 00:54:55, 2024-09-11 08:58:55;2024-09-02 11:28:30, 2024-09-02 12:29:15, 2024-09-02 13:42:10, 2024-09-02 14:27:15, 2024-09-02 15:58:45, 2024-09-02 22:15:50, 2024-09-03 02:23:55, 2024-09-03 05:50:40, 2024-09-03 08:31:40, 2024-09-03 10:45:25, 2024-09-04 10:40:05, 2024-09-03 04:44:30, 2024-09-03 09:44:15, 2024-09-03 12:41:45, 2024-09-03 14:05:10, 2024-09-03 15:57:00, 2024-09-03 15:05:30, 2024-09-03 18:56:35, 2024-09-03 21:51:55, 2024-09-04 02:10:10, 2024-09-04 05:05:35, 2024-09-04 09:53:15, 2024-09-04 11:56:05, 2024-09-04 12:39:15, 2024-09-04 14:32:20, 2024-09-04 16:02:00, 2024-09-05 01:02:35, 2024-09-05 07:01:25, 2024-09-05 08:35:30, 2024-09-05 09:49:40, 2024-09-05 10:50:50, 2024-09-05 12:26:15, 2024-09-05 14:02:35, 2024-09-05 15:36:30, 2024-09-05 16:47:45, 2024-09-06 01:02:05, 2024-09-06 09:05:00, 2024-09-06 10:34:25, 2024-09-06 14:29:35, 2024-09-06 15:59:45, 2024-09-06 11:51:30, 2024-09-06 13:30:15, 2024-09-06 18:56:05, 2024-09-07 00:56:30, 2024-09-07 06:51:45, 2024-09-07 12:52:30, 2024-09-07 18:50:15, 2024-09-08 06:49:05, 2024-09-08 00:50:00, 2024-09-08 12:44:30, 2024-09-08 18:45:45, 2024-09-09 00:43:40, 2024-09-09 08:50:25, 2024-09-09 09:36:55, 2024-09-09 11:07:35, 2024-09-09 12:35:15, 2024-09-09 14:36:40, 2024-09-10 00:40:30, 2024-09-10 06:37:55, 2024-09-10 08:31:15, 2024-09-10 10:31:30, 2024-09-10 13:15:25, 2024-09-10 18:34:45, 2024-09-11 00:32:35, 2024-09-11 06:32:55, 2024-09-11 08:54:30;2024-09-02 09:37:55, 2024-09-02 12:27:05, 2024-09-02 16:00:25, 2024-09-02 13:43:55, 2024-09-02 14:27:45, 2024-09-02 22:18:15, 2024-09-03 02:25:00, 2024-09-03 05:50:40, 2024-09-03 08:31:50, 2024-09-03 10:43:25, 2024-09-04 10:44:55, 2024-09-03 09:47:20, 2024-09-03 13:49:50, 2024-09-03 16:00:50, 2024-09-03 15:06:20, 2024-09-03 21:52:55, 2024-09-04 02:16:30, 2024-09-04 05:07:10, 2024-09-04 09:54:20, 2024-09-04 11:55:30, 2024-09-04 12:42:55, 2024-09-04 14:33:20, 2024-09-04 16:00:35, 2024-09-05 01:06:15, 2024-09-05 07:02:30, 2024-09-05 08:39:00, 2024-09-05 10:53:15, 2024-09-05 09:52:55, 2024-09-05 12:27:25, 2024-09-05 14:04:15, 2024-09-05 15:35:50, 2024-09-06 00:59:50, 2024-09-06 06:57:10, 2024-09-06 09:06:10, 2024-09-06 10:35:45, 2024-09-06 14:33:15, 2024-09-06 16:01:05, 2024-09-09 11:08:00, 2024-09-09 12:37:10, 2024-09-09 16:15:00, 2024-09-06 11:52:25, 2024-09-06 18:56:25, 2024-09-07 00:54:35, 2024-09-07 06:55:35, 2024-09-07 12:51:50, 2024-09-07 18:50:00, 2024-09-08 00:48:00, 2024-09-08 06:49:45, 2024-09-08 12:46:15, 2024-09-08 18:45:15, 2024-09-09 00:43:20, 2024-09-09 06:44:35, 2024-09-09 14:37:20, 2024-09-10 00:40:00, 2024-09-10 06:39:50, 2024-09-10 08:31:40, 2024-09-10 10:33:40, 2024-09-10 12:37:10, 2024-09-10 18:35:25, 2024-09-11 00:33:15, 2024-09-11 06:31:15, 2024-09-11 09:06:35;2024-09-09 14:34:25, 2024-09-09 15:31:50, 2024-09-09 16:13:15, 2024-09-10 00:40:05, 2024-09-10 06:38:05, 2024-09-10 08:26:40, 2024-09-10 10:30:25, 2024-09-10 12:40:20, 2024-09-10 13:14:45, 2024-09-10 18:34:20, 2024-09-11 00:32:00, 2024-09-11 05:59:50, 2024-09-11 06:32:10, 2024-09-11 08:54:40
Peaks_Humidity;2024-09-02 11:22:20, 2024-09-02 13:42:20, 2024-09-02 12:20:35, 2024-09-02 14:27:30, 2024-09-02 15:40:50, 2024-09-02 20:06:50, 2024-09-02 21:47:25, 2024-09-02 23:59:30, 2024-09-03 01:15:45, 2024-09-03 02:10:30, 2024-09-03 02:59:00, 2024-09-03 03:25:25, 2024-09-03 04:44:15, 2024-09-03 08:12:35, 2024-09-03 09:40:00, 2024-09-03 05:49:00, 2024-09-03 10:23:50, 2024-09-03 11:15:45, 2024-09-03 12:09:20, 2024-09-03 12:41:15, 2024-09-03 13:27:00, 2024-09-03 15:00:40, 2024-09-03 15:45:05, 2024-09-03 18:24:35, 2024-09-03 18:56:40, 2024-09-03 19:24:55, 2024-09-03 20:55:45, 2024-09-04 01:14:20, 2024-09-03 22:23:10, 2024-09-03 22:46:15, 2024-09-03 23:24:35, 2024-09-04 02:05:30, 2024-09-04 04:09:50, 2024-09-04 05:02:20, 2024-09-04 05:51:40, 2024-09-04 06:18:20, 2024-09-04 06:38:00, 2024-09-04 08:49:45, 2024-09-04 10:16:25, 2024-09-04 11:46:35, 2024-09-04 12:35:40, 2024-09-04 13:24:55, 2024-09-04 14:08:40, 2024-09-04 18:34:15, 2024-09-04 21:14:45, 2024-09-05 01:01:55, 2024-09-05 06:53:20, 2024-09-05 13:22:40, 2024-09-05 15:56:00, 2024-09-05 16:34:10, 2024-09-05 17:15:35, 2024-09-05 18:49:55, 2024-09-05 20:56:50, 2024-09-05 22:03:10, 2024-09-06 01:01:30, 2024-09-05 21:36:25, 2024-09-06 03:17:30, 2024-09-06 05:03:45, 2024-09-06 13:26:35, 2024-09-07 00:56:55, 2024-09-07 12:53:00, 2024-09-07 18:50:35, 2024-09-09 00:44:05, 2024-09-08 00:50:20, 2024-09-08 06:49:35, 2024-09-09 10:12:30, 2024-09-09 15:32:00, 2024-09-09 16:08:00, 2024-09-10 08:36:25, 2024-09-10 09:22:20, 2024-09-10 10:18:40, 2024-09-10 13:18:30, 2024-09-10 12:59:55, 2024-09-11 10:32:55, 2024-09-11 11:00:00;2024-09-02 11:27:30, 2024-09-02 12:27:40, 2024-09-02 13:41:35, 2024-09-02 14:26:45, 2024-09-02 15:40:05, 2024-09-02 20:06:10, 2024-09-02 21:46:40, 2024-09-03 01:15:55, 2024-09-03 02:10:00, 2024-09-03 03:25:05, 2024-09-03 04:44:00, 2024-09-03 08:13:55, 2024-09-03 05:35:30, 2024-09-03 09:46:30, 2024-09-03 12:41:55, 2024-09-03 14:04:55, 2024-09-03 15:01:40, 2024-09-03 18:24:20, 2024-09-03 18:56:30, 2024-09-03 19:24:50, 2024-09-03 20:55:35, 2024-09-04 01:13:50, 2024-09-03 21:50:10, 2024-09-03 22:22:55, 2024-09-03 22:45:55, 2024-09-03 23:24:15, 2024-09-04 02:05:25, 2024-09-04 04:10:15, 2024-09-04 05:02:10, 2024-09-04 05:50:50, 2024-09-04 06:18:10, 2024-09-04 06:37:40, 2024-09-04 11:46:40, 2024-09-04 12:35:40, 2024-09-04 13:24:45, 2024-09-05 08:23:30, 2024-09-05 14:01:50, 2024-09-05 15:07:00, 2024-09-05 16:34:35, 2024-09-05 17:15:15, 2024-09-06 01:01:40, 2024-09-06 13:21:35, 2024-09-06 20:16:30, 2024-09-06 22:03:50, 2024-09-07 00:56:15, 2024-09-07 18:49:45, 2024-09-09 00:43:00, 2024-09-09 08:44:00, 2024-09-06 23:31:50, 2024-09-07 03:20:55, 2024-09-07 12:52:25, 2024-09-07 14:29:00, 2024-09-08 00:49:45, 2024-09-08 06:49:00, 2024-09-08 18:45:45, 2024-09-09 14:26:05, 2024-09-09 15:31:10, 2024-09-09 16:06:45, 2024-09-10 08:23:40, 2024-09-10 12:59:55;2024-09-06 15:38:00, 2024-09-06 22:02:30, 2024-09-07 00:55:20, 2024-09-07 18:47:55, 2024-09-09 08:42:45, 2024-09-08 06:47:35, 2024-09-09 00:41:20, 2024-09-09 16:45:50, 2024-09-10 00:39:15, 2024-09-10 08:12:45, 2024-09-10 10:01:10, 2024-09-09 18:51:50, 2024-09-09 19:43:45, 2024-09-09 20:33:30, 2024-09-10 09:21:00, 2024-09-10 18:33:20, 2024-09-11 00:30:05, 2024-09-11 06:31:35, 2024-09-11 09:37:15, 2024-09-11 10:04:25, 2024-09-11 10:31:35;2024-09-02 11:27:40, 2024-09-02 13:42:50, 2024-09-02 15:41:50, 2024-09-02 12:28:20, 2024-09-02 14:27:35, 2024-09-02 20:06:40, 2024-09-02 21:47:25, 2024-09-02 23:59:40, 2024-09-03 01:16:25, 2024-09-03 02:10:35, 2024-09-03 02:59:25, 2024-09-03 03:25:25, 2024-09-03 04:44:30, 2024-09-03 08:30:05, 2024-09-03 10:36:20, 2024-09-03 05:49:25, 2024-09-03 09:45:55, 2024-09-03 11:16:00, 2024-09-03 12:41:45, 2024-09-03 13:33:25, 2024-09-03 15:06:00, 2024-09-03 15:58:30, 2024-09-03 18:56:55, 2024-09-03 19:25:20, 2024-09-03 20:56:05, 2024-09-04 01:14:05, 2024-09-03 22:23:25, 2024-09-03 22:46:35, 2024-09-03 23:24:50, 2024-09-04 02:05:55, 2024-09-04 04:20:50, 2024-09-04 05:05:10, 2024-09-04 05:51:50, 2024-09-04 06:18:35, 2024-09-04 06:38:15, 2024-09-04 08:59:40, 2024-09-04 10:43:50, 2024-09-04 11:53:45, 2024-09-04 12:37:45, 2024-09-05 08:33:55, 2024-09-04 13:29:45, 2024-09-04 14:14:45, 2024-09-04 15:48:40, 2024-09-04 18:34:25, 2024-09-05 09:50:20, 2024-09-05 12:25:55, 2024-09-05 15:18:15, 2024-09-05 13:24:30, 2024-09-05 16:36:15, 2024-09-05 17:15:45, 2024-09-05 20:57:05, 2024-09-06 01:01:55, 2024-09-06 09:04:30, 2024-09-05 22:03:20, 2024-09-06 11:45:30, 2024-09-06 12:28:55, 2024-09-06 13:27:40, 2024-09-06 14:19:05, 2024-09-06 15:42:30, 2024-09-07 00:56:45, 2024-09-07 18:50:30, 2024-09-09 00:44:05, 2024-09-09 08:49:15, 2024-09-07 12:52:55, 2024-09-08 00:50:20, 2024-09-08 06:49:35, 2024-09-08 18:46:15, 2024-09-09 10:45:00, 2024-09-09 12:19:55, 2024-09-09 13:52:30, 2024-09-09 15:32:00, 2024-09-09 16:47:10, 2024-09-09 17:10:30, 2024-09-10 00:41:15, 2024-09-10 08:12:25, 2024-09-10 10:22:05, 2024-09-09 18:53:20, 2024-09-10 06:38:20, 2024-09-10 13:00:10, 2024-09-10 13:15:30, 2024-09-10 17:39:25, 2024-09-10 18:35:20, 2024-09-11 00:33:00;2024-09-10 00:42:40, 2024-09-10 08:26:50, 2024-09-10 10:22:20, 2024-09-10 13:17:20, 2024-09-11 06:35:00, 2024-09-11 08:56:00;2024-09-02 11:27:55, 2024-09-02 13:42:55, 2024-09-02 12:27:40, 2024-09-02 20:06:05, 2024-09-02 21:46:55, 2024-09-02 23:58:55, 2024-09-03 01:15:15, 2024-09-03 02:10:00, 2024-09-03 02:58:40, 2024-09-03 03:24:50, 2024-09-03 04:43:55, 2024-09-03 05:48:35, 2024-09-03 11:15:35, 2024-09-03 12:08:50, 2024-09-03 12:41:05, 2024-09-03 18:24:20, 2024-09-03 18:56:20, 2024-09-03 19:24:40, 2024-09-03 20:55:30, 2024-09-04 01:14:15, 2024-09-03 21:50:10, 2024-09-03 22:22:55, 2024-09-03 22:46:00, 2024-09-03 23:24:15, 2024-09-04 02:05:20, 2024-09-04 04:23:15, 2024-09-04 05:02:00, 2024-09-04 05:51:15, 2024-09-04 06:17:55, 2024-09-04 06:37:35, 2024-09-04 09:01:30, 2024-09-04 11:52:10, 2024-09-05 08:29:35, 2024-09-06 09:00:05, 2024-09-10 08:18:55, 2024-09-10 10:23:10, 2024-09-04 18:33:50, 2024-09-04 21:14:30, 2024-09-05 17:15:10, 2024-09-05 20:56:35, 2024-09-06 01:01:20, 2024-09-05 22:02:50, 2024-09-06 12:27:40, 2024-09-06 18:56:10, 2024-09-06 22:03:45, 2024-09-07 00:56:00, 2024-09-07 18:49:50, 2024-09-09 00:43:20, 2024-09-07 12:52:05, 2024-09-08 00:49:35, 2024-09-08 06:48:50, 2024-09-08 18:45:30, 2024-09-09 12:21:10, 2024-09-09 13:51:05, 2024-09-09 15:30:40, 2024-09-09 16:46:35, 2024-09-09 17:09:45, 2024-09-09 22:40:10, 2024-09-10 00:40:25, 2024-09-09 18:52:40, 2024-09-09 20:34:25, 2024-09-09 19:44:35, 2024-09-10 01:49:40, 2024-09-10 06:37:40, 2024-09-10 09:21:55, 2024-09-10 12:59:20, 2024-09-10 13:13:20, 2024-09-10 17:38:45, 2024-09-10 18:34:55, 2024-09-11 00:32:15, 2024-09-11 06:32:45, 2024-09-11 08:53:25, 2024-09-10 22:22:25, 2024-09-11 02:49:15, 2024-09-11 09:38:00, 2024-09-11 10:32:15;2024-09-02 11:27:15, 2024-09-02 13:41:40, 2024-09-02 15:40:20, 2024-09-02 14:25:10, 2024-09-02 20:06:20, 2024-09-02 21:46:50, 2024-09-02 23:59:05, 2024-09-03 01:15:30, 2024-09-03 02:10:10, 2024-09-03 02:58:30, 2024-09-03 03:25:05, 2024-09-03 04:43:30, 2024-09-03 08:26:10, 2024-09-03 10:34:55, 2024-09-03 05:48:20, 2024-09-03 12:09:15, 2024-09-03 12:41:10, 2024-09-03 13:28:50, 2024-09-03 15:04:45, 2024-09-03 18:24:30, 2024-09-03 18:56:35, 2024-09-03 19:24:45, 2024-09-03 20:55:45, 2024-09-04 01:12:45, 2024-09-03 22:23:00, 2024-09-03 22:46:05, 2024-09-03 23:24:20, 2024-09-04 02:05:25, 2024-09-04 04:10:40, 2024-09-04 05:02:05, 2024-09-04 05:51:30, 2024-09-04 06:18:10, 2024-09-04 06:38:00, 2024-09-04 08:52:30, 2024-09-04 10:32:10, 2024-09-04 11:50:25, 2024-09-04 12:36:10, 2024-09-05 08:27:25, 2024-09-06 08:55:40, 2024-09-10 08:16:05, 2024-09-10 10:19:15, 2024-09-04 13:24:35, 2024-09-04 14:13:40, 2024-09-04 16:39:15, 2024-09-04 18:34:05, 2024-09-04 21:14:45, 2024-09-05 13:23:00, 2024-09-05 16:35:10, 2024-09-05 17:15:20, 2024-09-05 18:49:50, 2024-09-05 20:56:40, 2024-09-06 01:01:30, 2024-09-05 22:02:55, 2024-09-06 12:28:30, 2024-09-06 18:56:15, 2024-09-06 20:16:30, 2024-09-06 22:03:55, 2024-09-07 00:56:15, 2024-09-07 18:49:45, 2024-09-09 00:43:10, 2024-09-07 12:52:20, 2024-09-08 06:48:55, 2024-09-09 12:13:45, 2024-09-09 13:51:35, 2024-09-09 15:31:10, 2024-09-09 16:46:40, 2024-09-09 17:09:55, 2024-09-10 00:40:25, 2024-09-09 18:52:45, 2024-09-09 20:34:30, 2024-09-09 19:44:35, 2024-09-10 09:22:00, 2024-09-10 12:59:35, 2024-09-10 13:14:40, 2024-09-10 17:38:50, 2024-09-10 18:34:35, 2024-09-11 00:32:10, 2024-09-11 06:32:40, 2024-09-11 08:52:45, 2024-09-11 09:38:10, 2024-09-11 10:05:25, 2024-09-11 10:32:30, 2024-09-11 10:59:40;2024-09-02 11:21:45, 2024-09-02 13:41:00, 2024-09-02 14:23:35, 2024-09-02 15:39:45, 2024-09-03 01:15:45, 2024-09-03 04:44:00, 2024-09-03 08:12:20, 2024-09-03 09:39:25, 2024-09-03 10:26:20, 2024-09-03 13:26:25, 2024-09-03 15:04:30, 2024-09-03 15:56:25, 2024-09-04 01:14:30, 2024-09-04 08:49:15, 2024-09-04 10:24:00, 2024-09-04 11:46:35, 2024-09-04 12:35:35, 2024-09-04 15:47:00, 2024-09-05 08:15:55, 2024-09-05 09:38:45, 2024-09-06 08:40:50, 2024-09-04 13:24:35, 2024-09-05 13:22:35, 2024-09-05 15:06:25, 2024-09-05 16:34:30, 2024-09-06 11:42:55, 2024-09-06 13:25:50, 2024-09-06 15:38:30, 2024-09-06 14:17:35, 2024-09-09 08:46:20, 2024-09-09 12:12:50, 2024-09-09 13:51:30, 2024-09-10 08:07:30, 2024-09-10 10:17:50, 2024-09-10 13:14:40, 2024-09-11 08:52:55;2024-09-09 15:30:10, 2024-09-09 16:45:55, 2024-09-09 17:09:15, 2024-09-10 00:39:40, 2024-09-10 08:07:15, 2024-09-10 09:21:15, 2024-09-10 12:58:55, 2024-09-10 13:13:35, 2024-09-10 17:38:10, 2024-09-10 18:33:45, 2024-09-11 00:31:25, 2024-09-11 08:42:10, 2024-09-11 06:32:05, 2024-09-11 10:31:45
Peaks_Temperature Start;2024-09-02 10:46:05, 2024-09-02 10:46:05, 2024-09-02 13:28:15, 2024-09-02 14:14:40, 2024-09-02 14:14:40, 2024-09-02 21:23:50, 2024-09-02 23:47:20, 2024-09-02 23:47:20, 2024-09-02 23:47:20, 2024-09-02 23:47:20, 2024-09-02 23:47:20, 2024-09-02 23:47:20, 2024-09-03 09:33:10, 2024-09-03 12:00:55, 2024-09-03 13:20:15, 2024-09-03 13:20:15, 2024-09-03 13:20:15, 2024-09-03 18:15:00, 2024-09-03 19:12:55, 2024-09-03 20:09:40, 2024-09-03 20:09:40, 2024-09-03 20:09:40, 2024-09-03 20:09:40, 2024-09-03 20:09:40, 2024-09-03 20:09:40, 2024-09-04 05:40:35, 2024-09-04 06:03:50, 2024-09-04 11:42:05, 2024-09-04 12:26:15, 2024-09-04 13:17:10, 2024-09-05 06:44:25, 2024-09-05 06:44:25, 2024-09-05 06:44:25, 2024-09-05 13:18:15, 2024-09-05 16:20:40, 2024-09-06 00:49:20, 2024-09-06 06:38:45, 2024-09-06 06:38:45, 2024-09-06 06:38:45, 2024-09-06 06:38:45, 2024-09-06 06:38:45, 2024-09-06 14:45:00, 2024-09-06 15:29:50, 2024-09-06 15:36:45, 2024-09-09 08:24:45, 2024-09-09 08:24:45, 2024-09-09 08:24:45, 2024-09-10 10:00:25, 2024-09-10 12:28:35;2024-09-02 10:46:40, 2024-09-02 10:46:40, 2024-09-02 13:28:05, 2024-09-02 14:13:30, 2024-09-02 14:13:30, 2024-09-02 21:20:30, 2024-09-02 23:45:15, 2024-09-02 23:45:15, 2024-09-02 23:45:15, 2024-09-02 23:45:15, 2024-09-02 23:45:15, 2024-09-02 23:45:15, 2024-09-02 23:45:15, 2024-09-03 03:12:05, 2024-09-03 03:41:05, 2024-09-03 09:34:25, 2024-09-03 14:50:20, 2024-09-03 14:50:20, 2024-09-03 18:16:00, 2024-09-03 19:11:25, 2024-09-03 20:10:20, 2024-09-03 20:10:20, 2024-09-03 20:10:20, 2024-09-03 20:10:20, 2024-09-03 20:10:20, 2024-09-03 20:10:20, 2024-09-04 05:37:50, 2024-09-04 11:41:50, 2024-09-04 11:41:50, 2024-09-04 13:17:20, 2024-09-04 15:32:50, 2024-09-05 06:47:15, 2024-09-05 15:02:25, 2024-09-06 06:39:25, 2024-09-06 06:39:25, 2024-09-06 06:39:25, 2024-09-06 06:39:25, 2024-09-06 06:39:25, 2024-09-06 13:17:25, 2024-09-06 15:29:40, 2024-09-06 15:36:40, 2024-09-07 00:48:05, 2024-09-07 06:32:10, 2024-09-07 17:16:35, 2024-09-07 17:16:35, 2024-09-08 06:17:30, 2024-09-08 09:32:25, 2024-09-08 18:04:40, 2024-09-09 00:03:55, 2024-09-09 06:09:35, 2024-09-09 06:09:35, 2024-09-09 06:09:35, 2024-09-09 06:09:35, 2024-09-09 06:09:35, 2024-09-09 09:21:25, 2024-09-09 14:22:20, 2024-09-09 15:11:05, 2024-09-10 10:00:20;2024-09-06 14:08:45, 2024-09-06 15:19:25, 2024-09-06 18:49:10, 2024-09-06 22:23:45, 2024-09-07 05:22:15, 2024-09-07 17:13:40, 2024-09-07 17:13:40, 2024-09-08 06:14:45, 2024-09-08 07:45:40, 2024-09-08 17:58:30, 2024-09-08 23:36:55, 2024-09-09 06:06:55, 2024-09-09 06:06:55, 2024-09-09 06:06:55, 2024-09-09 09:19:20, 2024-09-09 13:38:35, 2024-09-09 13:38:35, 2024-09-09 15:51:05, 2024-09-09 16:59:40, 2024-09-10 00:19:15, 2024-09-10 04:49:50, 2024-09-10 04:49:50, 2024-09-10 04:49:50, 2024-09-10 12:05:20, 2024-09-10 12:05:20, 2024-09-10 18:04:00, 2024-09-10 22:58:05, 2024-09-11 02:13:40, 2024-09-11 02:13:40;2024-09-02 10:52:20, 2024-09-02 10:52:20, 2024-09-02 13:29:15, 2024-09-02 14:14:35, 2024-09-02 14:14:35, 2024-09-02 19:57:55, 2024-09-02 21:40:55, 2024-09-02 23:44:30, 2024-09-02 23:44:30, 2024-09-02 23:44:30, 2024-09-02 23:44:30, 2024-09-02 23:44:30, 2024-09-03 03:16:15, 2024-09-03 04:30:45, 2024-09-03 09:32:55, 2024-09-03 12:02:20, 2024-09-03 13:21:10, 2024-09-03 13:21:10, 2024-09-03 14:53:15, 2024-09-03 18:20:55, 2024-09-03 20:10:30, 2024-09-03 20:10:30, 2024-09-03 20:10:30, 2024-09-03 20:10:30, 2024-09-04 11:41:50, 2024-09-04 11:41:50, 2024-09-04 11:41:50, 2024-09-04 11:41:50, 2024-09-04 11:41:50, 2024-09-05 06:47:05, 2024-09-05 06:47:05, 2024-09-05 06:47:05, 2024-09-05 06:47:05, 2024-09-05 09:36:30, 2024-09-05 11:54:05, 2024-09-05 11:54:05, 2024-09-05 16:23:40, 2024-09-06 00:53:50, 2024-09-06 06:55:10, 2024-09-06 06:55:10, 2024-09-06 06:55:10, 2024-09-06 06:55:10, 2024-09-06 06:55:10, 2024-09-06 06:55:10, 2024-09-06 06:55:10, 2024-09-06 11:36:30, 2024-09-06 11:36:30, 2024-09-06 13:18:45, 2024-09-07 00:51:25, 2024-09-07 06:32:25, 2024-09-07 12:46:10, 2024-09-07 17:15:35, 2024-09-07 17:15:35, 2024-09-08 09:32:10, 2024-09-08 18:04:55, 2024-09-08 20:29:55, 2024-09-09 06:11:45, 2024-09-09 06:11:45, 2024-09-09 13:42:20, 2024-09-09 13:42:20, 2024-09-10 00:27:30, 2024-09-10 04:53:35, 2024-09-10 04:53:35, 2024-09-10 12:30:00, 2024-09-10 18:22:00, 2024-09-10 23:31:20;2024-09-09 16:14:05, 2024-09-10 00:25:00, 2024-09-10 04:53:00, 2024-09-10 04:53:00, 2024-09-10 04:53:00, 2024-09-10 12:32:55, 2024-09-10 18:29:20, 2024-09-10 23:29:10, 2024-09-11 02:44:25, 2024-09-11 02:44:25;2024-09-02 10:45:15, 2024-09-02 10:45:15, 2024-09-02 13:26:55, 2024-09-02 14:12:50, 2024-09-02 14:12:50, 2024-09-02 21:36:45, 2024-09-02 23:44:55, 2024-09-02 23:44:55, 2024-09-02 23:44:55, 2024-09-02 23:44:55, 2024-09-02 23:44:55, 2024-09-03 09:31:00, 2024-09-03 11:57:40, 2024-09-03 13:19:05, 2024-09-03 13:19:05, 2024-09-03 13:19:05, 2024-09-03 18:15:00, 2024-09-03 20:10:55, 2024-09-04 00:12:25, 2024-09-04 00:12:25, 2024-09-04 07:44:30, 2024-09-04 11:30:10, 2024-09-04 11:30:10, 2024-09-04 11:30:10, 2024-09-04 11:30:10, 2024-09-04 13:15:30, 2024-09-05 00:53:50, 2024-09-05 06:44:40, 2024-09-05 06:44:40, 2024-09-05 06:44:40, 2024-09-05 09:34:20, 2024-09-05 11:48:35, 2024-09-05 11:48:35, 2024-09-05 16:21:15, 2024-09-06 06:38:15, 2024-09-06 06:38:15, 2024-09-06 06:38:15, 2024-09-06 06:38:15, 2024-09-06 11:34:35, 2024-09-06 11:34:35, 2024-09-06 13:16:20, 2024-09-06 18:47:55, 2024-09-07 00:46:35, 2024-09-07 06:44:20, 2024-09-07 09:06:45, 2024-09-07 18:34:35, 2024-09-08 06:15:30, 2024-09-08 07:53:50, 2024-09-08 18:09:05, 2024-09-09 00:28:25, 2024-09-09 06:07:30, 2024-09-09 06:07:30, 2024-09-09 06:07:30, 2024-09-09 06:07:30, 2024-09-09 06:07:30, 2024-09-09 13:40:40, 2024-09-09 13:40:40, 2024-09-09 13:40:40, 2024-09-10 00:19:35, 2024-09-10 04:50:00, 2024-09-10 04:50:00, 2024-09-10 12:07:25, 2024-09-10 18:19:00, 2024-09-10 23:02:30, 2024-09-11 02:41:15;2024-09-02 10:45:40, 2024-09-02 10:45:40, 2024-09-02 13:28:25, 2024-09-02 14:12:45, 2024-09-02 14:12:45, 2024-09-02 21:21:50, 2024-09-02 23:42:20, 2024-09-02 23:42:20, 2024-09-02 23:42:20, 2024-09-02 23:42:20, 2024-09-02 23:42:20, 2024-09-03 04:24:40, 2024-09-03 09:31:40, 2024-09-03 11:59:25, 2024-09-03 13:20:10, 2024-09-03 13:20:10, 2024-09-03 14:50:20, 2024-09-03 18:16:25, 2024-09-03 20:09:15, 2024-09-03 20:09:15, 2024-09-03 20:09:15, 2024-09-03 20:09:15, 2024-09-04 11:40:45, 2024-09-04 11:40:45, 2024-09-04 11:40:45, 2024-09-04 11:40:45, 2024-09-05 00:54:55, 2024-09-05 06:44:55, 2024-09-05 06:44:55, 2024-09-05 06:44:55, 2024-09-05 06:44:55, 2024-09-05 11:49:30, 2024-09-05 11:49:30, 2024-09-05 11:49:30, 2024-09-05 16:20:25, 2024-09-06 00:47:55, 2024-09-06 06:42:20, 2024-09-06 06:42:20, 2024-09-06 06:42:20, 2024-09-06 06:42:20, 2024-09-06 11:35:30, 2024-09-06 13:17:15, 2024-09-06 18:47:35, 2024-09-07 00:46:20, 2024-09-07 06:30:55, 2024-09-07 06:30:55, 2024-09-07 18:34:55, 2024-09-07 18:34:55, 2024-09-08 00:35:20, 2024-09-08 09:30:40, 2024-09-08 18:02:55, 2024-09-09 00:01:35, 2024-09-09 06:09:05, 2024-09-09 06:09:05, 2024-09-09 06:09:05, 2024-09-09 06:09:05, 2024-09-09 13:40:50, 2024-09-10 00:18:30, 2024-09-10 05:15:50, 2024-09-10 05:15:50, 2024-09-10 05:15:50, 2024-09-10 12:06:05, 2024-09-10 18:18:05, 2024-09-10 22:59:20, 2024-09-11 02:40:20, 2024-09-11 02:40:20;2024-09-02 09:36:45, 2024-09-02 10:45:25, 2024-09-02 10:45:25, 2024-09-02 13:29:30, 2024-09-02 14:13:50, 2024-09-02 21:38:35, 2024-09-02 23:46:35, 2024-09-02 23:46:35, 2024-09-02 23:46:35, 2024-09-02 23:46:35, 2024-09-02 23:46:35, 2024-09-03 09:31:20, 2024-09-03 13:20:50, 2024-09-03 13:20:50, 2024-09-03 14:51:30, 2024-09-03 20:13:00, 2024-09-03 20:13:00, 2024-09-03 20:13:00, 2024-09-04 07:48:40, 2024-09-04 11:42:05, 2024-09-04 11:42:05, 2024-09-04 11:42:05, 2024-09-04 15:30:35, 2024-09-05 00:38:40, 2024-09-05 06:51:45, 2024-09-05 06:51:45, 2024-09-05 06:51:45, 2024-09-05 09:34:45, 2024-09-05 11:54:05, 2024-09-05 11:54:05, 2024-09-05 11:54:05, 2024-09-06 00:50:15, 2024-09-06 06:45:40, 2024-09-06 06:45:40, 2024-09-06 06:45:40, 2024-09-06 06:45:40, 2024-09-06 06:45:40, 2024-09-06 06:45:40, 2024-09-06 06:45:40, 2024-09-06 06:45:40, 2024-09-06 11:36:05, 2024-09-06 18:47:00, 2024-09-07 00:42:35, 2024-09-07 06:38:10, 2024-09-07 06:38:10, 2024-09-07 18:41:35, 2024-09-08 00:40:50, 2024-09-08 06:22:20, 2024-09-08 09:59:10, 2024-09-08 18:12:50, 2024-09-08 18:12:50, 2024-09-09 06:15:00, 2024-09-09 13:43:50, 2024-09-10 00:30:30, 2024-09-10 06:29:00, 2024-09-10 06:29:00, 2024-09-10 06:29:00, 2024-09-10 12:20:20, 2024-09-10 18:20:55, 2024-09-10 23:30:00, 2024-09-11 02:42:10, 2024-09-11 02:42:10;2024-09-09 14:20:00, 2024-09-09 15:09:25, 2024-09-09 15:09:25, 2024-09-10 00:17:50, 2024-09-10 04:49:20, 2024-09-10 07:56:00, 2024-09-10 07:56:00, 2024-09-10 12:05:40, 2024-09-10 12:05:40, 2024-09-10 18:04:30, 2024-09-10 22:57:55, 2024-09-11 02:13:35, 2024-09-11 02:13:35, 2024-09-11 02:13:35
Peaks_Temperature End;2024-09-02 11:57:45, 2024-09-02 14:11:10, 2024-09-02 14:11:10, 2024-09-02 14:57:00, 2024-09-02 23:40:55, 2024-09-02 23:40:55, 2024-09-03 03:40:35, 2024-09-03 07:13:00, 2024-09-03 09:30:45, 2024-09-03 20:07:20, 2024-09-04 14:01:00, 2024-09-06 06:26:45, 2024-09-03 10:14:35, 2024-09-03 13:19:25, 2024-09-03 14:48:25, 2024-09-03 15:37:10, 2024-09-03 20:07:20, 2024-09-03 20:07:20, 2024-09-03 20:07:20, 2024-09-04 00:12:05, 2024-09-04 03:08:45, 2024-09-04 04:46:15, 2024-09-04 07:42:40, 2024-09-04 09:23:10, 2024-09-04 10:10:45, 2024-09-04 07:42:40, 2024-09-04 07:42:40, 2024-09-04 14:01:00, 2024-09-04 14:01:00, 2024-09-04 14:01:00, 2024-09-05 08:02:40, 2024-09-05 14:55:45, 2024-09-06 06:26:45, 2024-09-05 14:55:45, 2024-09-06 06:26:45, 2024-09-06 06:26:45, 2024-09-06 10:01:25, 2024-09-06 14:00:55, 2024-09-06 14:53:10, 2024-09-06 15:13:05, 2024-09-09 06:07:00, 2024-09-06 14:53:10, 2024-09-09 06:07:00, 2024-09-09 06:07:00, 2024-09-09 10:05:30, 2024-09-09 15:09:15, 2024-09-11 11:15:55, 2024-09-10 12:04:35, 2024-09-11 11:15:55;2024-09-02 11:57:15, 2024-09-02 14:13:30, 2024-09-02 14:13:30, 2024-09-02 14:56:00, 2024-09-02 23:41:00, 2024-09-02 23:41:00, 2024-09-03 03:37:55, 2024-09-03 07:06:40, 2024-09-03 13:19:10, 2024-09-03 20:06:55, 2024-09-04 14:43:15, 2024-09-04 15:11:00, 2024-09-06 06:31:35, 2024-09-03 03:37:55, 2024-09-03 05:11:30, 2024-09-03 13:19:10, 2024-09-03 15:38:15, 2024-09-03 20:06:55, 2024-09-03 20:06:55, 2024-09-03 20:06:55, 2024-09-04 00:11:10, 2024-09-04 03:07:40, 2024-09-04 04:46:00, 2024-09-04 07:43:10, 2024-09-04 10:11:40, 2024-09-04 14:00:40, 2024-09-04 07:43:10, 2024-09-04 12:21:35, 2024-09-04 14:00:40, 2024-09-04 14:00:40, 2024-09-05 06:34:40, 2024-09-06 06:31:35, 2024-09-06 06:31:35, 2024-09-06 10:02:55, 2024-09-06 13:16:50, 2024-09-06 14:53:00, 2024-09-06 15:14:20, 2024-09-09 06:06:25, 2024-09-06 13:59:25, 2024-09-09 06:06:25, 2024-09-09 06:06:25, 2024-09-09 06:06:25, 2024-09-09 06:06:25, 2024-09-08 00:24:55, 2024-09-08 06:14:45, 2024-09-09 06:06:25, 2024-09-08 17:30:00, 2024-09-08 20:18:10, 2024-09-09 06:06:25, 2024-09-09 10:04:50, 2024-09-09 12:28:40, 2024-09-09 15:09:55, 2024-09-10 09:58:40, 2024-09-11 11:16:30, 2024-09-09 10:04:50, 2024-09-09 15:09:55, 2024-09-09 15:51:25, 2024-09-10 12:05:55;2024-09-06 15:17:30, 2024-09-09 05:47:30, 2024-09-09 05:47:30, 2024-09-09 05:47:30, 2024-09-09 05:47:30, 2024-09-08 00:22:05, 2024-09-09 05:47:30, 2024-09-09 05:47:30, 2024-09-08 17:27:30, 2024-09-08 20:15:20, 2024-09-09 05:47:30, 2024-09-09 09:18:20, 2024-09-09 12:03:30, 2024-09-11 02:12:40, 2024-09-09 09:59:25, 2024-09-09 15:09:00, 2024-09-11 02:12:40, 2024-09-11 02:12:40, 2024-09-11 02:12:40, 2024-09-10 04:47:50, 2024-09-10 07:55:40, 2024-09-10 09:44:05, 2024-09-11 02:12:40, 2024-09-10 13:06:55, 2024-09-11 02:12:40, 2024-09-11 02:12:40, 2024-09-11 02:12:40, 2024-09-11 07:37:25, 2024-09-11 10:48:50;2024-09-02 11:57:30, 2024-09-02 14:13:15, 2024-09-02 14:13:15, 2024-09-02 14:57:20, 2024-09-02 23:44:30, 2024-09-02 23:44:30, 2024-09-02 23:44:30, 2024-09-03 04:21:15, 2024-09-03 07:11:05, 2024-09-03 09:30:30, 2024-09-03 20:10:30, 2024-09-06 06:28:30, 2024-09-03 04:21:15, 2024-09-03 05:13:20, 2024-09-03 10:17:35, 2024-09-03 13:20:15, 2024-09-03 14:48:10, 2024-09-03 20:10:30, 2024-09-03 15:37:20, 2024-09-03 20:10:30, 2024-09-04 00:12:10, 2024-09-04 03:19:35, 2024-09-04 07:41:00, 2024-09-04 10:11:55, 2024-09-04 12:23:40, 2024-09-04 13:16:20, 2024-09-04 14:01:15, 2024-09-04 15:32:15, 2024-09-06 06:28:30, 2024-09-05 08:04:35, 2024-09-05 09:33:05, 2024-09-05 11:51:05, 2024-09-06 06:28:30, 2024-09-05 10:20:20, 2024-09-05 13:17:40, 2024-09-05 14:56:45, 2024-09-06 06:28:30, 2024-09-06 06:28:30, 2024-09-06 10:01:25, 2024-09-06 11:33:55, 2024-09-06 15:20:25, 2024-09-09 06:06:50, 2024-09-09 12:06:45, 2024-09-09 13:42:20, 2024-09-11 02:40:35, 2024-09-06 12:21:10, 2024-09-06 13:17:35, 2024-09-06 13:58:35, 2024-09-09 06:06:50, 2024-09-09 06:06:50, 2024-09-09 06:06:50, 2024-09-08 06:15:00, 2024-09-09 06:06:50, 2024-09-08 17:39:15, 2024-09-08 20:29:55, 2024-09-09 06:06:50, 2024-09-09 09:21:25, 2024-09-09 10:04:00, 2024-09-09 15:08:25, 2024-09-09 15:50:30, 2024-09-10 04:53:35, 2024-09-10 07:59:05, 2024-09-11 02:40:35, 2024-09-11 02:40:35, 2024-09-11 02:40:35, 2024-09-11 02:40:35;2024-09-11 02:16:00, 2024-09-10 04:53:00, 2024-09-10 07:58:15, 2024-09-10 09:52:10, 2024-09-11 02:16:00, 2024-09-11 02:16:00, 2024-09-11 02:16:00, 2024-09-11 02:16:00, 2024-09-11 08:07:50, 2024-09-11 11:18:30;2024-09-02 11:56:20, 2024-09-02 14:07:35, 2024-09-02 14:07:35, 2024-09-02 14:56:25, 2024-09-02 23:39:30, 2024-09-02 23:39:30, 2024-09-03 03:36:10, 2024-09-03 07:06:05, 2024-09-03 09:30:50, 2024-09-03 20:05:45, 2024-09-09 06:04:30, 2024-09-03 10:12:50, 2024-09-03 13:19:05, 2024-09-03 14:47:05, 2024-09-03 15:35:20, 2024-09-03 20:05:45, 2024-09-03 20:05:45, 2024-09-04 00:10:20, 2024-09-04 03:07:45, 2024-09-04 07:42:05, 2024-09-04 10:08:15, 2024-09-04 12:16:20, 2024-09-04 13:59:45, 2024-09-04 15:30:05, 2024-09-09 06:04:30, 2024-09-04 13:59:45, 2024-09-05 06:32:05, 2024-09-05 08:01:40, 2024-09-05 09:33:20, 2024-09-06 06:28:40, 2024-09-05 10:19:30, 2024-09-05 14:54:25, 2024-09-06 06:28:40, 2024-09-06 06:28:40, 2024-09-06 09:58:45, 2024-09-06 13:16:20, 2024-09-06 15:17:20, 2024-09-09 06:04:30, 2024-09-06 12:20:00, 2024-09-06 13:16:20, 2024-09-06 13:59:40, 2024-09-09 06:04:30, 2024-09-09 06:04:30, 2024-09-09 06:04:30, 2024-09-09 06:04:30, 2024-09-09 06:04:30, 2024-09-09 06:04:30, 2024-09-09 06:04:30, 2024-09-08 20:15:15, 2024-09-09 06:04:30, 2024-09-09 09:19:00, 2024-09-09 10:02:35, 2024-09-09 12:03:40, 2024-09-09 13:38:05, 2024-09-11 11:16:25, 2024-09-09 14:19:50, 2024-09-09 15:09:30, 2024-09-09 15:48:35, 2024-09-10 04:48:50, 2024-09-10 09:44:15, 2024-09-11 11:16:25, 2024-09-11 11:16:25, 2024-09-11 02:12:30, 2024-09-11 02:12:30, 2024-09-11 11:16:25;2024-09-02 11:56:50, 2024-09-02 14:11:10, 2024-09-02 14:11:10, 2024-09-02 14:56:35, 2024-09-02 23:42:15, 2024-09-02 23:42:15, 2024-09-03 03:36:55, 2024-09-03 07:10:45, 2024-09-03 09:30:40, 2024-09-03 20:07:30, 2024-09-06 06:28:55, 2024-09-03 05:11:35, 2024-09-03 10:15:00, 2024-09-03 13:16:50, 2024-09-03 14:48:30, 2024-09-03 20:07:30, 2024-09-03 15:35:30, 2024-09-03 20:07:30, 2024-09-04 00:10:15, 2024-09-04 03:08:05, 2024-09-04 07:41:50, 2024-09-04 10:09:15, 2024-09-04 12:18:45, 2024-09-04 13:58:40, 2024-09-04 15:27:25, 2024-09-06 06:28:55, 2024-09-05 06:33:30, 2024-09-05 08:02:40, 2024-09-05 09:33:45, 2024-09-05 10:20:15, 2024-09-06 06:28:55, 2024-09-05 13:15:45, 2024-09-05 14:54:40, 2024-09-06 06:28:55, 2024-09-06 06:28:55, 2024-09-06 06:28:55, 2024-09-06 10:00:40, 2024-09-06 11:31:40, 2024-09-06 15:18:45, 2024-09-09 05:52:15, 2024-09-06 13:16:35, 2024-09-06 13:57:55, 2024-09-09 05:52:15, 2024-09-09 05:52:15, 2024-09-07 09:06:10, 2024-09-07 17:05:35, 2024-09-08 00:33:20, 2024-09-09 05:52:15, 2024-09-08 04:09:35, 2024-09-08 17:58:55, 2024-09-08 20:28:15, 2024-09-09 05:52:15, 2024-09-09 09:18:45, 2024-09-09 10:01:55, 2024-09-09 12:04:05, 2024-09-11 02:12:50, 2024-09-09 15:09:25, 2024-09-10 04:48:15, 2024-09-10 07:56:05, 2024-09-10 09:45:05, 2024-09-11 02:12:50, 2024-09-11 02:12:50, 2024-09-11 02:12:50, 2024-09-11 02:12:50, 2024-09-11 07:38:35, 2024-09-11 10:49:15;2024-09-06 06:35:45, 2024-09-02 14:11:50, 2024-09-02 23:42:55, 2024-09-02 14:11:50, 2024-09-02 14:57:25, 2024-09-02 23:42:55, 2024-09-03 04:22:25, 2024-09-03 07:07:50, 2024-09-03 09:30:30, 2024-09-03 20:07:40, 2024-09-06 06:35:45, 2024-09-03 10:15:45, 2024-09-03 14:49:10, 2024-09-03 20:07:40, 2024-09-03 15:37:00, 2024-09-04 00:12:30, 2024-09-04 03:19:40, 2024-09-04 07:40:30, 2024-09-04 10:11:35, 2024-09-04 12:23:25, 2024-09-04 14:03:20, 2024-09-04 15:29:40, 2024-09-06 06:35:45, 2024-09-05 06:38:05, 2024-09-05 08:06:50, 2024-09-05 09:34:35, 2024-09-06 06:35:45, 2024-09-05 10:18:10, 2024-09-05 13:13:40, 2024-09-05 14:56:30, 2024-09-06 06:35:45, 2024-09-06 06:35:45, 2024-09-06 08:01:00, 2024-09-06 10:01:00, 2024-09-06 11:33:25, 2024-09-06 15:21:40, 2024-09-09 05:59:55, 2024-09-09 12:04:35, 2024-09-09 13:40:30, 2024-09-11 02:39:30, 2024-09-06 13:13:45, 2024-09-09 05:59:55, 2024-09-09 05:59:55, 2024-09-07 09:12:55, 2024-09-07 17:13:20, 2024-09-08 06:18:10, 2024-09-08 06:18:10, 2024-09-09 05:59:55, 2024-09-08 17:43:45, 2024-09-08 20:20:45, 2024-09-09 05:59:55, 2024-09-09 07:14:45, 2024-09-09 15:09:35, 2024-09-10 04:50:15, 2024-09-10 07:56:55, 2024-09-10 09:52:40, 2024-09-11 02:39:30, 2024-09-11 02:39:30, 2024-09-11 02:39:30, 2024-09-11 02:39:30, 2024-09-11 07:44:40, 2024-09-11 11:22:15;2024-09-09 15:08:35, 2024-09-09 15:50:00, 2024-09-11 02:09:20, 2024-09-10 04:47:20, 2024-09-10 07:56:00, 2024-09-10 09:43:30, 2024-09-11 02:09:20, 2024-09-10 13:06:40, 2024-09-11 02:09:20, 2024-09-11 02:09:20, 2024-09-11 02:09:20, 2024-09-11 06:16:15, 2024-09-11 07:37:55, 2024-09-11 11:15:55
Peaks_Humidity Start;2024-09-02 09:44:05, 2024-09-02 09:44:05, 2024-09-02 11:57:25, 2024-09-02 14:07:10, 2024-09-02 14:07:10, 2024-09-02 18:35:25, 2024-09-02 21:14:45, 2024-09-02 21:14:45, 2024-09-02 21:14:45, 2024-09-03 01:35:25, 2024-09-03 02:45:35, 2024-09-03 02:45:35, 2024-09-03 03:33:20, 2024-09-03 03:33:20, 2024-09-03 03:33:20, 2024-09-03 05:07:55, 2024-09-03 10:13:25, 2024-09-03 11:06:35, 2024-09-03 11:56:20, 2024-09-03 11:56:20, 2024-09-03 11:56:20, 2024-09-03 14:48:35, 2024-09-03 15:37:40, 2024-09-03 17:54:00, 2024-09-03 17:54:00, 2024-09-03 19:09:05, 2024-09-03 19:09:05, 2024-09-03 19:09:05, 2024-09-03 22:11:15, 2024-09-03 22:30:35, 2024-09-03 22:30:35, 2024-09-04 01:47:55, 2024-09-04 03:08:15, 2024-09-04 04:44:05, 2024-09-04 05:35:20, 2024-09-04 06:02:35, 2024-09-04 06:27:20, 2024-09-04 06:27:20, 2024-09-04 10:08:55, 2024-09-04 11:28:45, 2024-09-04 11:28:45, 2024-09-04 11:28:45, 2024-09-04 11:28:45, 2024-09-04 16:21:05, 2024-09-04 16:21:05, 2024-09-04 16:21:05, 2024-09-04 16:21:05, 2024-09-05 12:27:20, 2024-09-05 15:34:50, 2024-09-05 16:02:05, 2024-09-05 17:04:40, 2024-09-05 17:28:55, 2024-09-05 17:28:55, 2024-09-05 17:28:55, 2024-09-05 17:28:55, 2024-09-05 21:16:45, 2024-09-06 01:15:50, 2024-09-06 04:14:50, 2024-09-06 12:24:05, 2024-09-06 15:25:20, 2024-09-06 15:25:20, 2024-09-06 15:25:20, 2024-09-06 15:25:20, 2024-09-07 23:30:45, 2024-09-08 00:55:30, 2024-09-09 10:02:05, 2024-09-09 13:45:30, 2024-09-09 13:45:30, 2024-09-10 08:03:40, 2024-09-10 08:03:40, 2024-09-10 08:03:40, 2024-09-10 08:03:40, 2024-09-10 10:50:05, 2024-09-11 08:53:50, 2024-09-11 08:53:50;2024-09-02 09:44:15, 2024-09-02 09:44:15, 2024-09-02 09:44:15, 2024-09-02 14:06:50, 2024-09-02 14:55:40, 2024-09-02 18:34:40, 2024-09-02 18:34:40, 2024-09-02 18:34:40, 2024-09-03 01:34:55, 2024-09-03 03:08:25, 2024-09-03 03:33:05, 2024-09-03 03:33:05, 2024-09-03 05:07:25, 2024-09-03 08:52:30, 2024-09-03 11:56:50, 2024-09-03 13:50:10, 2024-09-03 13:50:10, 2024-09-03 17:53:30, 2024-09-03 17:53:30, 2024-09-03 19:08:40, 2024-09-03 19:08:40, 2024-09-03 19:08:40, 2024-09-03 21:15:25, 2024-09-03 22:10:45, 2024-09-03 22:29:50, 2024-09-03 22:29:50, 2024-09-04 01:47:15, 2024-09-04 03:07:40, 2024-09-04 04:43:35, 2024-09-04 05:35:15, 2024-09-04 06:02:15, 2024-09-04 06:26:55, 2024-09-04 11:29:00, 2024-09-04 11:29:00, 2024-09-04 11:29:00, 2024-09-04 15:49:50, 2024-09-05 12:24:45, 2024-09-05 12:24:45, 2024-09-05 15:35:05, 2024-09-05 17:04:55, 2024-09-05 17:29:10, 2024-09-06 12:28:10, 2024-09-06 15:41:15, 2024-09-06 15:41:15, 2024-09-06 15:41:15, 2024-09-06 15:41:15, 2024-09-06 15:41:15, 2024-09-06 15:41:15, 2024-09-06 22:20:20, 2024-09-07 01:58:15, 2024-09-07 01:58:15, 2024-09-07 14:18:20, 2024-09-07 23:30:00, 2024-09-08 00:54:45, 2024-09-08 07:42:05, 2024-09-09 13:44:30, 2024-09-09 13:44:30, 2024-09-09 15:48:35, 2024-09-10 08:04:25, 2024-09-10 10:50:30;2024-09-06 14:51:45, 2024-09-06 19:12:00, 2024-09-06 19:12:00, 2024-09-06 19:12:00, 2024-09-06 19:12:00, 2024-09-08 00:53:45, 2024-09-08 00:53:45, 2024-09-09 16:34:55, 2024-09-09 16:34:55, 2024-09-09 16:34:55, 2024-09-09 16:34:55, 2024-09-09 18:31:25, 2024-09-09 18:31:25, 2024-09-09 18:31:25, 2024-09-10 09:02:20, 2024-09-10 18:00:10, 2024-09-10 18:00:10, 2024-09-11 02:08:20, 2024-09-11 09:25:45, 2024-09-11 09:25:45, 2024-09-11 09:25:45;2024-09-02 09:42:00, 2024-09-02 09:42:00, 2024-09-02 09:42:00, 2024-09-02 11:57:35, 2024-09-02 14:07:25, 2024-09-02 18:35:00, 2024-09-02 21:14:50, 2024-09-02 21:14:50, 2024-09-02 21:14:50, 2024-09-03 01:35:25, 2024-09-03 02:45:30, 2024-09-03 02:45:30, 2024-09-03 03:33:25, 2024-09-03 03:33:25, 2024-09-03 03:33:25, 2024-09-03 05:08:00, 2024-09-03 09:03:40, 2024-09-03 11:07:00, 2024-09-03 11:56:45, 2024-09-03 11:56:45, 2024-09-03 11:56:45, 2024-09-03 11:56:45, 2024-09-03 17:54:10, 2024-09-03 19:09:25, 2024-09-03 19:09:25, 2024-09-03 19:09:25, 2024-09-03 22:11:20, 2024-09-03 22:30:45, 2024-09-03 22:30:45, 2024-09-04 01:48:10, 2024-09-04 03:08:10, 2024-09-04 04:44:15, 2024-09-04 05:35:40, 2024-09-04 06:02:35, 2024-09-04 06:27:40, 2024-09-04 06:27:40, 2024-09-04 06:27:40, 2024-09-04 11:28:55, 2024-09-04 11:28:55, 2024-09-04 11:28:55, 2024-09-04 13:15:30, 2024-09-04 13:54:55, 2024-09-04 13:54:55, 2024-09-04 16:21:25, 2024-09-05 09:23:35, 2024-09-05 11:43:25, 2024-09-05 11:43:25, 2024-09-05 13:17:50, 2024-09-05 16:19:15, 2024-09-05 17:04:55, 2024-09-05 17:29:15, 2024-09-05 17:29:15, 2024-09-05 17:29:15, 2024-09-05 21:42:05, 2024-09-06 11:09:25, 2024-09-06 12:20:55, 2024-09-06 13:17:00, 2024-09-06 13:17:00, 2024-09-06 13:17:00, 2024-09-06 17:41:05, 2024-09-06 17:41:05, 2024-09-06 17:41:05, 2024-09-06 17:41:05, 2024-09-07 01:59:00, 2024-09-07 23:30:30, 2024-09-08 00:55:30, 2024-09-08 07:42:45, 2024-09-09 10:01:50, 2024-09-09 12:02:40, 2024-09-09 13:38:50, 2024-09-09 14:55:30, 2024-09-09 16:36:25, 2024-09-09 16:36:25, 2024-09-09 16:36:25, 2024-09-09 16:36:25, 2024-09-09 16:36:25, 2024-09-09 18:32:55, 2024-09-10 01:12:00, 2024-09-10 10:50:15, 2024-09-10 10:50:15, 2024-09-10 15:39:25, 2024-09-10 18:01:55, 2024-09-10 19:49:20;2024-09-09 16:37:45, 2024-09-09 16:37:45, 2024-09-10 09:46:30, 2024-09-10 10:52:05, 2024-09-10 19:50:40, 2024-09-10 19:50:40;2024-09-02 09:40:15, 2024-09-02 09:40:15, 2024-09-02 11:56:40, 2024-09-02 18:34:20, 2024-09-02 21:14:05, 2024-09-02 21:14:05, 2024-09-02 21:14:05, 2024-09-03 01:34:45, 2024-09-03 02:44:55, 2024-09-03 03:08:15, 2024-09-03 03:32:35, 2024-09-03 05:07:30, 2024-09-03 11:06:30, 2024-09-03 11:55:55, 2024-09-03 11:55:55, 2024-09-03 17:53:40, 2024-09-03 17:53:40, 2024-09-03 19:08:35, 2024-09-03 19:08:35, 2024-09-03 19:08:35, 2024-09-03 21:15:20, 2024-09-03 22:10:50, 2024-09-03 22:30:00, 2024-09-03 22:30:00, 2024-09-04 01:47:25, 2024-09-04 03:07:45, 2024-09-04 04:43:35, 2024-09-04 05:35:05, 2024-09-04 06:01:50, 2024-09-04 06:26:50, 2024-09-04 06:26:50, 2024-09-04 06:26:50, 2024-09-04 06:26:50, 2024-09-04 06:26:50, 2024-09-04 06:26:50, 2024-09-04 06:26:50, 2024-09-04 16:20:35, 2024-09-04 16:20:35, 2024-09-05 17:04:20, 2024-09-05 17:28:35, 2024-09-05 17:28:35, 2024-09-05 21:41:45, 2024-09-06 12:20:05, 2024-09-06 18:26:45, 2024-09-06 18:26:45, 2024-09-06 18:26:45, 2024-09-06 18:26:45, 2024-09-06 18:26:45, 2024-09-07 01:57:50, 2024-09-07 23:29:35, 2024-09-08 00:54:30, 2024-09-08 07:41:50, 2024-09-09 12:02:00, 2024-09-09 13:38:05, 2024-09-09 14:54:25, 2024-09-09 16:35:50, 2024-09-09 16:35:50, 2024-09-09 16:35:50, 2024-09-09 16:35:50, 2024-09-09 18:32:15, 2024-09-09 18:32:15, 2024-09-09 19:27:05, 2024-09-10 01:11:20, 2024-09-10 01:11:20, 2024-09-10 09:09:05, 2024-09-10 10:49:20, 2024-09-10 10:49:20, 2024-09-10 15:38:35, 2024-09-10 18:01:10, 2024-09-10 18:01:10, 2024-09-10 18:01:10, 2024-09-10 18:01:10, 2024-09-10 19:48:40, 2024-09-11 02:09:20, 2024-09-11 09:26:20, 2024-09-11 09:26:20;2024-09-02 09:40:00, 2024-09-02 09:40:00, 2024-09-02 09:40:00, 2024-09-02 14:06:50, 2024-09-02 18:34:50, 2024-09-02 21:14:15, 2024-09-02 21:14:15, 2024-09-02 21:14:15, 2024-09-03 01:34:50, 2024-09-03 02:45:05, 2024-09-03 03:08:25, 2024-09-03 03:32:45, 2024-09-03 03:32:45, 2024-09-03 03:32:45, 2024-09-03 05:07:35, 2024-09-03 11:55:55, 2024-09-03 11:55:55, 2024-09-03 11:55:55, 2024-09-03 11:55:55, 2024-09-03 17:53:40, 2024-09-03 17:53:40, 2024-09-03 19:08:50, 2024-09-03 19:08:50, 2024-09-03 19:08:50, 2024-09-03 22:10:45, 2024-09-03 22:30:00, 2024-09-03 22:30:00, 2024-09-04 01:47:35, 2024-09-04 03:07:50, 2024-09-04 04:43:45, 2024-09-04 05:35:05, 2024-09-04 06:01:55, 2024-09-04 06:27:05, 2024-09-04 06:27:05, 2024-09-04 06:27:05, 2024-09-04 11:28:30, 2024-09-04 11:28:30, 2024-09-04 11:28:30, 2024-09-04 11:28:30, 2024-09-04 11:28:30, 2024-09-04 11:28:30, 2024-09-04 13:15:10, 2024-09-04 13:54:05, 2024-09-04 16:21:00, 2024-09-04 16:21:00, 2024-09-04 16:21:00, 2024-09-05 11:42:50, 2024-09-05 16:19:00, 2024-09-05 17:04:35, 2024-09-05 17:28:45, 2024-09-05 17:28:45, 2024-09-05 17:28:45, 2024-09-05 21:41:35, 2024-09-06 12:20:25, 2024-09-06 18:26:50, 2024-09-06 18:26:50, 2024-09-06 18:26:50, 2024-09-06 18:26:50, 2024-09-06 18:26:50, 2024-09-06 18:26:50, 2024-09-07 01:58:10, 2024-09-08 00:54:35, 2024-09-09 12:02:00, 2024-09-09 13:38:05, 2024-09-09 14:54:55, 2024-09-09 16:36:05, 2024-09-09 16:36:05, 2024-09-09 16:36:05, 2024-09-09 18:32:20, 2024-09-09 18:32:20, 2024-09-09 19:27:05, 2024-09-10 09:03:25, 2024-09-10 10:49:45, 2024-09-10 10:49:45, 2024-09-10 15:38:40, 2024-09-10 18:01:00, 2024-09-10 18:01:00, 2024-09-10 18:01:00, 2024-09-10 18:01:00, 2024-09-11 09:26:45, 2024-09-11 09:26:45, 2024-09-11 09:26:45, 2024-09-11 09:26:45;2024-09-02 10:41:30, 2024-09-02 13:04:00, 2024-09-02 14:06:55, 2024-09-02 14:06:55, 2024-09-02 21:14:30, 2024-09-03 03:33:10, 2024-09-03 03:33:10, 2024-09-03 03:33:10, 2024-09-03 10:13:20, 2024-09-03 11:56:25, 2024-09-03 14:48:05, 2024-09-03 14:48:05, 2024-09-03 19:08:55, 2024-09-04 06:27:25, 2024-09-04 10:08:45, 2024-09-04 11:28:45, 2024-09-04 11:28:45, 2024-09-04 11:28:45, 2024-09-04 11:28:45, 2024-09-04 11:28:45, 2024-09-04 11:28:45, 2024-09-04 13:15:15, 2024-09-05 11:43:15, 2024-09-05 11:43:15, 2024-09-05 16:19:30, 2024-09-06 11:09:00, 2024-09-06 13:16:45, 2024-09-06 13:16:45, 2024-09-06 13:52:55, 2024-09-06 18:52:40, 2024-09-09 11:26:50, 2024-09-09 13:38:25, 2024-09-09 16:36:35, 2024-09-10 09:44:40, 2024-09-10 10:50:20, 2024-09-10 19:49:00;2024-09-09 14:54:15, 2024-09-09 16:35:15, 2024-09-09 16:35:15, 2024-09-09 16:35:15, 2024-09-09 16:35:15, 2024-09-10 09:02:45, 2024-09-10 10:49:10, 2024-09-10 10:49:10, 2024-09-10 15:37:55, 2024-09-10 18:00:25, 2024-09-10 19:47:50, 2024-09-10 19:47:50, 2024-09-11 02:08:35, 2024-09-11 09:25:55
Peaks_Humidity End;2024-09-02 13:03:55, 2024-09-03 03:33:10, 2024-09-02 13:03:55, 2024-09-02 14:55:50, 2024-09-03 03:33:10, 2024-09-02 21:14:45, 2024-09-02 23:21:55, 2024-09-03 00:32:45, 2024-09-03 03:33:10, 2024-09-03 03:33:10, 2024-09-03 03:08:40, 2024-09-03 03:33:10, 2024-09-03 06:15:25, 2024-09-03 09:03:00, 2024-09-04 11:28:40, 2024-09-03 06:15:25, 2024-09-04 11:28:40, 2024-09-03 11:56:15, 2024-09-03 12:24:45, 2024-09-03 12:48:40, 2024-09-04 11:28:40, 2024-09-04 06:27:20, 2024-09-04 06:27:20, 2024-09-03 18:39:50, 2024-09-03 19:09:05, 2024-09-03 19:31:30, 2024-09-03 22:30:10, 2024-09-04 06:27:20, 2024-09-03 22:30:10, 2024-09-03 22:52:20, 2024-09-03 23:55:45, 2024-09-04 03:07:55, 2024-09-04 06:27:20, 2024-09-04 06:27:20, 2024-09-04 06:27:20, 2024-09-04 06:27:20, 2024-09-04 06:44:55, 2024-09-04 11:28:40, 2024-09-04 11:28:40, 2024-09-04 12:16:40, 2024-09-04 13:15:10, 2024-09-04 13:54:15, 2024-09-06 15:25:15, 2024-09-04 18:42:00, 2024-09-04 22:35:40, 2024-09-05 01:19:20, 2024-09-05 08:02:00, 2024-09-05 14:49:35, 2024-09-05 16:02:05, 2024-09-05 17:28:50, 2024-09-05 17:28:50, 2024-09-05 20:21:10, 2024-09-05 21:41:50, 2024-09-05 22:28:35, 2024-09-06 01:15:50, 2024-09-05 21:41:50, 2024-09-06 04:14:40, 2024-09-06 06:25:15, 2024-09-06 13:52:45, 2024-09-07 01:58:45, 2024-09-07 14:18:40, 2024-09-08 07:42:50, 2024-09-09 05:48:20, 2024-09-08 07:42:50, 2024-09-08 07:42:50, 2024-09-10 08:03:40, 2024-09-09 15:48:55, 2024-09-10 08:03:40, 2024-09-10 09:03:35, 2024-09-10 09:44:35, 2024-09-10 10:50:05, 2024-09-11 08:53:40, 2024-09-10 13:07:25, 2024-09-11 10:48:55, 2024-09-11 11:15:55;2024-09-02 11:57:25, 2024-09-02 13:03:35, 2024-09-06 15:41:10, 2024-09-02 14:55:30, 2024-09-03 03:32:45, 2024-09-02 21:14:10, 2024-09-02 23:21:30, 2024-09-03 03:32:45, 2024-09-03 03:32:45, 2024-09-03 03:32:45, 2024-09-03 06:14:50, 2024-09-06 15:41:10, 2024-09-03 06:14:50, 2024-09-03 10:13:40, 2024-09-03 13:19:40, 2024-09-03 14:47:45, 2024-09-06 15:41:10, 2024-09-03 18:39:20, 2024-09-03 19:08:40, 2024-09-03 19:30:55, 2024-09-03 22:29:45, 2024-09-04 06:26:55, 2024-09-03 22:29:45, 2024-09-03 22:29:45, 2024-09-03 22:51:45, 2024-09-03 23:55:50, 2024-09-04 03:07:40, 2024-09-04 06:26:55, 2024-09-04 06:26:55, 2024-09-04 06:26:55, 2024-09-04 06:26:55, 2024-09-04 06:44:30, 2024-09-04 12:16:50, 2024-09-04 13:15:25, 2024-09-04 13:54:20, 2024-09-06 15:41:10, 2024-09-05 14:49:45, 2024-09-06 15:41:10, 2024-09-05 17:29:00, 2024-09-05 17:29:00, 2024-09-06 01:16:00, 2024-09-06 13:52:25, 2024-09-06 20:21:20, 2024-09-06 22:20:15, 2024-09-07 01:58:05, 2024-09-08 00:54:40, 2024-09-09 01:15:40, 2024-09-11 08:54:45, 2024-09-07 00:08:10, 2024-09-07 07:13:45, 2024-09-07 14:18:00, 2024-09-07 16:09:25, 2024-09-08 00:54:40, 2024-09-08 07:41:55, 2024-09-08 19:46:10, 2024-09-09 14:55:00, 2024-09-10 08:04:25, 2024-09-10 08:04:25, 2024-09-10 09:03:35, 2024-09-10 13:07:20;2024-09-09 16:34:55, 2024-09-06 22:19:15, 2024-09-07 14:17:00, 2024-09-08 00:53:45, 2024-09-09 16:34:55, 2024-09-08 07:41:00, 2024-09-09 01:14:35, 2024-09-09 18:31:20, 2024-09-10 01:10:15, 2024-09-10 09:43:20, 2024-09-11 09:25:45, 2024-09-09 19:13:15, 2024-09-09 20:22:20, 2024-09-09 20:50:00, 2024-09-10 09:43:20, 2024-09-10 19:47:35, 2024-09-11 07:36:40, 2024-09-11 07:36:40, 2024-09-11 09:53:25, 2024-09-11 10:20:35, 2024-09-11 10:47:40;2024-09-02 13:03:55, 2024-09-02 14:06:50, 2024-09-03 03:33:25, 2024-09-02 13:03:55, 2024-09-02 14:55:55, 2024-09-02 21:14:30, 2024-09-02 23:21:45, 2024-09-03 00:32:40, 2024-09-03 03:33:25, 2024-09-03 03:33:25, 2024-09-03 03:08:35, 2024-09-03 03:33:25, 2024-09-03 06:16:35, 2024-09-03 09:03:10, 2024-09-04 06:27:20, 2024-09-03 06:16:35, 2024-09-03 10:13:35, 2024-09-03 11:56:10, 2024-09-03 13:19:25, 2024-09-03 14:48:10, 2024-09-03 15:37:40, 2024-09-04 06:27:20, 2024-09-03 19:08:55, 2024-09-03 19:31:45, 2024-09-03 23:56:00, 2024-09-04 06:27:20, 2024-09-03 22:30:25, 2024-09-03 22:52:35, 2024-09-03 23:56:00, 2024-09-04 03:08:00, 2024-09-04 06:27:20, 2024-09-04 06:27:20, 2024-09-04 06:27:20, 2024-09-04 06:27:20, 2024-09-04 06:44:50, 2024-09-04 10:08:50, 2024-09-04 11:28:55, 2024-09-04 12:17:10, 2024-09-04 16:21:15, 2024-09-05 17:28:55, 2024-09-04 13:54:20, 2024-09-04 15:20:20, 2024-09-04 16:21:15, 2024-09-04 18:42:10, 2024-09-05 17:28:55, 2024-09-05 14:49:45, 2024-09-05 17:28:55, 2024-09-05 14:49:45, 2024-09-05 17:28:55, 2024-09-05 17:28:55, 2024-09-05 22:29:00, 2024-09-06 01:16:00, 2024-09-09 16:36:25, 2024-09-05 22:29:00, 2024-09-06 13:16:55, 2024-09-06 13:16:55, 2024-09-06 13:52:50, 2024-09-06 14:53:25, 2024-09-06 17:40:45, 2024-09-07 14:18:25, 2024-09-08 07:42:30, 2024-09-09 05:48:05, 2024-09-09 16:36:25, 2024-09-07 14:18:25, 2024-09-08 07:42:30, 2024-09-08 07:42:30, 2024-09-08 20:16:10, 2024-09-09 16:36:25, 2024-09-09 16:36:25, 2024-09-09 16:36:25, 2024-09-09 16:36:25, 2024-09-09 16:58:50, 2024-09-09 18:32:45, 2024-09-10 01:11:50, 2024-09-10 09:44:45, 2024-09-10 18:01:45, 2024-09-09 19:27:35, 2024-09-10 07:56:20, 2024-09-10 13:07:45, 2024-09-10 18:01:45, 2024-09-10 18:01:45, 2024-09-10 19:49:05, 2024-09-11 02:09:55;2024-09-10 01:13:15, 2024-09-10 09:46:20, 2024-09-11 09:28:50, 2024-09-10 18:03:15, 2024-09-11 07:39:45, 2024-09-11 09:28:50;2024-09-02 13:03:30, 2024-09-04 06:26:40, 2024-09-02 13:03:30, 2024-09-02 21:14:00, 2024-09-02 23:21:25, 2024-09-03 00:32:35, 2024-09-03 03:32:35, 2024-09-03 03:32:35, 2024-09-03 03:08:00, 2024-09-03 03:32:35, 2024-09-03 06:56:05, 2024-09-03 06:56:05, 2024-09-03 11:55:35, 2024-09-03 12:24:35, 2024-09-03 13:18:50, 2024-09-03 18:39:20, 2024-09-03 19:08:35, 2024-09-03 19:30:55, 2024-09-03 23:55:45, 2024-09-04 06:26:40, 2024-09-03 23:55:45, 2024-09-03 22:29:40, 2024-09-03 22:51:45, 2024-09-03 23:55:45, 2024-09-04 03:07:45, 2024-09-04 06:26:40, 2024-09-04 06:26:40, 2024-09-04 06:26:40, 2024-09-04 06:26:40, 2024-09-04 06:44:25, 2024-09-04 11:28:00, 2024-09-04 16:20:30, 2024-09-05 17:28:20, 2024-09-09 16:35:50, 2024-09-10 09:44:00, 2024-09-11 09:26:20, 2024-09-04 18:41:30, 2024-09-04 22:35:10, 2024-09-05 17:28:20, 2024-09-05 22:28:10, 2024-09-06 01:15:35, 2024-09-05 22:28:10, 2024-09-06 13:16:05, 2024-09-06 19:12:35, 2024-09-06 22:19:50, 2024-09-07 01:57:40, 2024-09-08 07:41:35, 2024-09-09 05:47:10, 2024-09-07 14:17:40, 2024-09-08 07:41:35, 2024-09-08 07:41:35, 2024-09-08 20:15:15, 2024-09-09 16:35:50, 2024-09-09 16:35:50, 2024-09-09 16:35:50, 2024-09-09 16:58:05, 2024-09-09 18:32:00, 2024-09-09 23:50:00, 2024-09-10 01:11:00, 2024-09-09 19:26:55, 2024-09-09 20:50:45, 2024-09-09 20:23:00, 2024-09-10 02:05:35, 2024-09-10 07:55:40, 2024-09-10 09:44:00, 2024-09-10 13:07:05, 2024-09-11 09:26:20, 2024-09-10 18:01:10, 2024-09-10 19:48:15, 2024-09-11 02:09:10, 2024-09-11 07:37:30, 2024-09-11 09:26:20, 2024-09-10 22:56:05, 2024-09-11 06:16:05, 2024-09-11 09:53:55, 2024-09-11 10:48:10;2024-09-02 13:03:30, 2024-09-02 14:06:50, 2024-09-03 03:32:45, 2024-09-02 14:55:30, 2024-09-02 21:14:15, 2024-09-02 23:21:35, 2024-09-03 00:32:20, 2024-09-03 03:32:45, 2024-09-03 03:32:45, 2024-09-03 03:08:05, 2024-09-03 03:32:45, 2024-09-03 06:56:25, 2024-09-03 10:12:50, 2024-09-04 11:28:25, 2024-09-03 06:56:25, 2024-09-03 12:24:25, 2024-09-03 13:19:10, 2024-09-03 14:47:50, 2024-09-03 15:37:15, 2024-09-03 18:39:20, 2024-09-03 19:08:35, 2024-09-03 19:31:00, 2024-09-03 22:29:55, 2024-09-04 06:27:00, 2024-09-03 22:29:55, 2024-09-03 22:52:05, 2024-09-03 23:55:45, 2024-09-04 03:07:40, 2024-09-04 06:27:00, 2024-09-04 06:27:00, 2024-09-04 06:27:00, 2024-09-04 06:27:00, 2024-09-04 06:44:30, 2024-09-04 10:08:30, 2024-09-04 11:28:25, 2024-09-04 12:16:45, 2024-09-04 16:20:50, 2024-09-05 17:28:35, 2024-09-09 16:36:00, 2024-09-10 09:44:05, 2024-09-11 09:26:40, 2024-09-04 13:54:05, 2024-09-04 15:20:20, 2024-09-04 17:39:45, 2024-09-04 18:41:50, 2024-09-04 22:35:35, 2024-09-05 14:49:25, 2024-09-05 17:28:35, 2024-09-05 17:28:35, 2024-09-05 20:21:00, 2024-09-05 22:28:20, 2024-09-06 01:15:35, 2024-09-05 22:28:20, 2024-09-06 13:16:30, 2024-09-06 19:12:55, 2024-09-06 20:21:20, 2024-09-06 22:20:10, 2024-09-07 01:58:00, 2024-09-08 00:54:35, 2024-09-09 05:47:30, 2024-09-07 14:18:00, 2024-09-08 07:42:00, 2024-09-09 16:36:00, 2024-09-09 16:36:00, 2024-09-09 16:36:00, 2024-09-09 16:58:10, 2024-09-09 18:32:10, 2024-09-10 01:11:05, 2024-09-09 19:27:05, 2024-09-09 20:50:50, 2024-09-09 20:23:15, 2024-09-10 09:44:05, 2024-09-10 13:07:00, 2024-09-11 09:26:40, 2024-09-10 18:01:00, 2024-09-10 19:48:25, 2024-09-11 02:09:10, 2024-09-11 07:37:30, 2024-09-11 09:26:40, 2024-09-11 09:54:15, 2024-09-11 10:21:30, 2024-09-11 10:48:30, 2024-09-11 11:15:35;2024-09-02 13:03:45, 2024-09-03 03:33:00, 2024-09-02 14:55:40, 2024-09-03 03:33:00, 2024-09-03 03:33:00, 2024-09-03 06:15:05, 2024-09-03 08:52:05, 2024-09-04 11:28:35, 2024-09-04 11:28:35, 2024-09-04 06:27:15, 2024-09-03 15:37:30, 2024-09-04 06:27:15, 2024-09-04 06:27:15, 2024-09-04 11:28:35, 2024-09-04 11:28:35, 2024-09-04 12:16:55, 2024-09-04 13:54:10, 2024-09-04 16:21:00, 2024-09-05 09:23:25, 2024-09-05 17:28:55, 2024-09-09 16:36:05, 2024-09-04 13:54:10, 2024-09-05 14:49:40, 2024-09-05 17:28:55, 2024-09-05 17:28:55, 2024-09-06 13:16:45, 2024-09-06 14:53:10, 2024-09-09 16:36:05, 2024-09-06 14:53:10, 2024-09-09 16:36:05, 2024-09-09 16:36:05, 2024-09-09 16:36:05, 2024-09-11 09:27:05, 2024-09-11 09:27:05, 2024-09-11 09:27:05, 2024-09-11 09:27:05;2024-09-09 16:35:15, 2024-09-09 16:57:30, 2024-09-09 18:31:25, 2024-09-10 01:10:25, 2024-09-11 09:25:55, 2024-09-10 09:43:30, 2024-09-10 13:06:40, 2024-09-11 09:25:55, 2024-09-10 18:00:20, 2024-09-10 19:47:45, 2024-09-11 07:36:50, 2024-09-11 09:25:55, 2024-09-11 07:36:50, 2024-09-11 10:47:50
Peak Prominences Temperature;1.0999999999999996, 2.5999999999999996, 1.9000000000000004, 1.4000000000000004, 3.6999999999999993, 1.4000000000000004, 1.5, 2.9000000000000004, 3.700000000000001, 5.699999999999999, 5.000000000000002, 15.799999999999999, 2.0, 1.5, 2.8999999999999986, 2.1999999999999993, 4.0, 1.4000000000000004, 1.200000000000001, 2.0, 2.1000000000000014, 1.0999999999999996, 3.5999999999999996, 1.3000000000000007, 2.9000000000000004, 1.0, 1.1000000000000014, 1.200000000000001, 1.1999999999999993, 1.200000000000001, 1.2000000000000002, 11.099999999999998, 14.6, 1.0999999999999996, 1.0999999999999996, 1.0999999999999996, 2.3, 11.999999999999998, 8.099999999999998, 2.799999999999997, 36.400000000000006, 1.8999999999999986, 1.5, 1.1000000000000014, 1.6999999999999993, 9.700000000000001, 14.999999999999998, 2.0999999999999996, 12.799999999999999;1.1999999999999993, 2.4000000000000004, 1.8999999999999986, 1.6000000000000014, 3.799999999999999, 1.6999999999999993, 1.8000000000000007, 3.1999999999999993, 10.899999999999999, 16.700000000000003, 1.0, 1.5, 30.7, 1.0999999999999996, 1.1999999999999993, 2.5, 1.9000000000000004, 2.700000000000001, 1.3000000000000007, 1.200000000000001, 2.0, 2.0999999999999996, 1.0, 3.5999999999999996, 2.799999999999999, 4.0, 1.0999999999999996, 1.3000000000000007, 2.0, 1.4000000000000004, 5.699999999999996, 31.700000000000003, 17.599999999999998, 2.5999999999999996, 12.499999999999998, 6.800000000000001, 3.0, 32.800000000000004, 1.9000000000000004, 1.1999999999999957, 1.1000000000000014, 1.1999999999999993, 1.0999999999999996, 1.0999999999999996, 1.3000000000000007, 1.4000000000000004, 1.0999999999999996, 1.2000000000000002, 1.3000000000000007, 1.9000000000000004, 1.1000000000000014, 10.5, 13.799999999999999, 15.600000000000001, 1.5, 1.200000000000001, 1.200000000000001, 2.5;2.3999999999999986, 3.4000000000000004, 1.6999999999999993, 2.0999999999999996, 1.9000000000000004, 1.8999999999999995, 2.1000000000000005, 2.1000000000000005, 1.5, 1.9000000000000004, 2.0, 2.0999999999999996, 4.300000000000001, 7.500000000000001, 1.5999999999999996, 1.799999999999999, 3.700000000000001, 1.5, 1.5, 2.3, 1.9000000000000004, 4.1000000000000005, 5.199999999999999, 1.5, 2.3000000000000007, 2.0, 2.0, 2.0, 3.1999999999999993;0.6000000000000014, 1.8999999999999986, 1.0999999999999996, 0.9000000000000004, 3.0, 0.5999999999999996, 1.0999999999999996, 1.1999999999999993, 2.4000000000000004, 2.4000000000000004, 4.699999999999999, 6.700000000000001, 0.5, 0.6000000000000014, 0.9000000000000004, 0.6999999999999993, 1.9000000000000004, 2.9000000000000004, 1.0999999999999996, 0.7000000000000011, 1.4000000000000004, 1.5999999999999996, 3.0, 1.5999999999999996, 0.9000000000000004, 1.0999999999999996, 1.4000000000000004, 1.6000000000000014, 2.1999999999999993, 0.5999999999999996, 2.5, 2.4000000000000004, 5.699999999999999, 1.200000000000001, 0.8000000000000007, 1.4000000000000004, 0.6999999999999993, 0.6000000000000005, 1.8999999999999995, 2.1000000000000014, 1.6999999999999993, 6.2, 2.799999999999999, 2.5999999999999996, 6.300000000000001, 0.5999999999999996, 1.6000000000000014, 0.8000000000000007, 0.6000000000000005, 0.7000000000000002, 0.5, 0.7000000000000002, 0.9000000000000004, 0.7000000000000002, 0.7999999999999998, 0.9000000000000004, 0.7000000000000011, 0.8000000000000007, 1.0, 0.5, 0.7000000000000002, 0.5999999999999996, 4.1, 1.200000000000001, 0.7999999999999998, 0.8999999999999995;0.6000000000000014, 0.7999999999999989, 0.5999999999999996, 1.8000000000000007, 3.9000000000000004, 0.9000000000000004, 0.7999999999999998, 0.9000000000000004, 0.7999999999999998, 1.5999999999999996;0.9000000000000004, 2.4000000000000004, 1.700000000000001, 1.3000000000000007, 3.1999999999999993, 1.1999999999999993, 1.299999999999999, 2.4000000000000004, 2.8999999999999986, 4.9, 6.8999999999999995, 1.5, 0.9000000000000004, 2.1999999999999993, 1.5999999999999996, 3.3999999999999986, 0.8000000000000007, 1.5, 1.5999999999999996, 2.9000000000000004, 1.9000000000000004, 1.799999999999999, 2.4000000000000004, 2.0, 3.1999999999999993, 1.6999999999999993, 0.8000000000000007, 1.0, 3.2, 5.8999999999999995, 1.799999999999999, 1.700000000000001, 2.6999999999999993, 1.0999999999999996, 2.5, 2.8, 2.0, 6.3999999999999995, 1.0999999999999996, 2.0999999999999996, 1.6999999999999993, 0.9000000000000004, 0.9000000000000004, 0.8999999999999995, 0.8999999999999995, 1.0, 1.0, 1.0, 0.8999999999999995, 1.0, 1.2999999999999998, 1.4000000000000004, 3.0, 2.6999999999999993, 6.7, 1.0, 1.5999999999999996, 0.9000000000000004, 1.0999999999999996, 2.7, 4.5, 1.4000000000000004, 0.9000000000000004, 1.1000000000000005, 2.2;1.1000000000000014, 2.3999999999999986, 1.6999999999999993, 1.3999999999999986, 3.5, 1.4000000000000004, 1.5999999999999996, 2.9000000000000004, 2.9000000000000004, 5.199999999999999, 7.200000000000001, 1.1000000000000014, 1.5999999999999996, 1.200000000000001, 2.5999999999999996, 3.4000000000000004, 1.6999999999999993, 1.0, 1.700000000000001, 1.8000000000000007, 3.3000000000000007, 2.200000000000001, 1.299999999999999, 1.8000000000000007, 2.0, 2.5999999999999996, 1.0, 1.0999999999999996, 3.1000000000000005, 1.8000000000000007, 5.7, 1.0, 1.6999999999999993, 2.9000000000000004, 1.1999999999999993, 1.2999999999999998, 2.3000000000000007, 2.6000000000000014, 2.1000000000000014, 6.300000000000001, 1.8000000000000007, 1.200000000000001, 1.0, 1.4000000000000004, 1.0, 1.2000000000000002, 1.4000000000000004, 1.5999999999999996, 1.2999999999999998, 1.2000000000000002, 1.2999999999999998, 1.5, 1.0999999999999996, 1.0, 3.200000000000001, 6.5, 1.3000000000000007, 1.5999999999999996, 1.2000000000000002, 2.9000000000000004, 4.499999999999999, 1.5, 1.3999999999999995, 1.5, 1.1999999999999993, 1.9000000000000004;1.1000000000000014, 2.3000000000000007, 3.3000000000000007, 1.4000000000000004, 1.0999999999999996, 1.1000000000000014, 1.4000000000000004, 2.4000000000000004, 2.9000000000000004, 5.1, 6.999999999999998, 1.0999999999999996, 2.1000000000000014, 3.1999999999999993, 1.4000000000000004, 1.5, 1.5999999999999996, 3.0999999999999996, 1.3999999999999986, 1.0, 1.4000000000000021, 1.9999999999999982, 2.5, 1.5, 1.6000000000000014, 2.9000000000000004, 5.699999999999999, 1.299999999999999, 1.0, 1.5999999999999996, 2.6000000000000014, 1.9000000000000004, 1.4000000000000004, 2.4000000000000004, 2.5999999999999996, 2.1999999999999993, 6.299999999999999, 3.0999999999999996, 2.8999999999999986, 6.600000000000001, 1.4000000000000004, 1.3999999999999986, 1.8000000000000007, 1.3999999999999986, 1.6000000000000014, 1.9000000000000004, 1.5, 2.0, 1.8000000000000007, 1.5999999999999996, 2.0, 1.0999999999999996, 1.1999999999999993, 2.0, 1.5, 3.0, 4.5, 1.8999999999999986, 2.0, 2.0, 1.5999999999999996, 1.9000000000000004;1.6999999999999993, 1.5999999999999996, 2.299999999999999, 2.0, 1.7000000000000002, 4.4, 5.6, 1.0, 2.1000000000000005, 1.7000000000000002, 1.7000000000000002, 1.0, 1.7999999999999998, 3.5999999999999996
Peak Prominences Humidity;27.799999999999997, 35.49999999999999, 19.799999999999997, 28.10000000000001, 29.0, 22.4, 23.1, 18.19999999999999, 26.9, 19.599999999999994, 18.300000000000004, 20.099999999999994, 27.4, 27.5, 40.0, 23.300000000000004, 32.5, 19.0, 18.30000000000001, 21.0, 37.60000000000001, 33.39999999999999, 25.400000000000006, 18.200000000000003, 22.5, 23.700000000000003, 25.300000000000004, 28.6, 19.6, 19.400000000000006, 22.299999999999997, 20.0, 24.699999999999996, 18.799999999999997, 20.700000000000003, 22.1, 21.300000000000004, 43.5, 38.2, 30.5, 27.800000000000004, 36.4, 54.7, 21.10000000000001, 20.099999999999994, 18.60000000000001, 18.299999999999997, 24.799999999999997, 22.299999999999997, 31.1, 23.700000000000003, 18.900000000000006, 22.30000000000001, 23.900000000000006, 23.5, 18.200000000000003, 18.89999999999999, 18.0, 24.099999999999994, 20.099999999999994, 19.200000000000003, 19.400000000000006, 19.099999999999994, 18.5, 18.299999999999997, 22.10000000000001, 21.60000000000001, 40.0, 18.200000000000003, 19.39999999999999, 32.8, 55.3, 22.5, 18.799999999999997, 18.299999999999997;20.5, 28.89999999999999, 42.300000000000004, 30.19999999999999, 31.700000000000003, 24.700000000000003, 24.5, 27.799999999999997, 20.80000000000001, 21.800000000000004, 28.1, 42.900000000000006, 23.499999999999993, 31.0, 25.299999999999997, 26.099999999999994, 50.00000000000001, 22.19999999999999, 25.599999999999994, 28.0, 29.0, 32.099999999999994, 20.30000000000001, 23.200000000000003, 23.6, 26.200000000000003, 23.80000000000001, 27.9, 22.10000000000001, 23.699999999999996, 25.099999999999994, 24.400000000000006, 33.199999999999996, 29.5, 38.199999999999996, 68.60000000000001, 23.700000000000003, 70.10000000000001, 33.900000000000006, 23.099999999999994, 23.0, 29.900000000000006, 20.700000000000003, 23.200000000000003, 24.30000000000001, 25.0, 23.0, 58.2, 20.60000000000001, 20.0, 22.799999999999997, 20.30000000000001, 22.200000000000003, 22.799999999999997, 20.700000000000003, 20.700000000000003, 43.800000000000004, 21.5, 22.999999999999993, 21.700000000000003;22.700000000000003, 20.5, 21.099999999999994, 23.700000000000003, 27.400000000000006, 20.10000000000001, 21.400000000000006, 23.599999999999994, 22.200000000000003, 30.700000000000003, 30.700000000000003, 20.700000000000003, 20.799999999999997, 21.400000000000006, 20.10000000000001, 25.10000000000001, 24.5, 22.0, 21.10000000000001, 20.099999999999994, 20.5;28.700000000000003, 29.10000000000001, 36.99999999999999, 20.599999999999994, 28.10000000000001, 22.999999999999993, 23.699999999999996, 18.799999999999997, 28.199999999999996, 20.200000000000003, 18.5, 20.699999999999996, 28.099999999999994, 28.69999999999999, 40.50000000000001, 24.299999999999997, 28.299999999999997, 18.099999999999994, 23.200000000000003, 32.699999999999996, 24.900000000000006, 35.9, 24.700000000000003, 23.0, 26.1, 30.89999999999999, 19.599999999999994, 18.699999999999996, 22.099999999999994, 20.900000000000006, 28.599999999999994, 19.5, 20.699999999999996, 21.900000000000006, 19.299999999999997, 37.89999999999999, 43.89999999999999, 29.39999999999999, 39.1, 40.400000000000006, 25.30000000000001, 23.5, 34.599999999999994, 18.599999999999994, 26.599999999999994, 24.099999999999994, 29.299999999999997, 18.60000000000001, 28.89999999999999, 22.19999999999999, 20.0, 22.0, 38.7, 18.700000000000003, 26.0, 19.400000000000006, 23.200000000000003, 26.5, 29.39999999999999, 20.700000000000003, 20.599999999999994, 19.799999999999997, 33.1, 19.799999999999997, 19.5, 19.0, 18.400000000000006, 21.400000000000006, 29.60000000000001, 26.799999999999997, 22.30000000000001, 20.700000000000003, 22.60000000000001, 22.80000000000001, 34.00000000000001, 29.099999999999994, 18.700000000000003, 19.39999999999999, 20.10000000000001, 25.5, 18.19999999999999, 22.0, 21.200000000000003;20.699999999999996, 36.10000000000001, 34.400000000000006, 24.300000000000004, 20.299999999999997, 26.900000000000006;33.5, 44.10000000000001, 22.400000000000006, 24.300000000000004, 24.799999999999997, 19.900000000000006, 30.1, 22.10000000000001, 20.10000000000001, 22.300000000000004, 29.299999999999997, 25.799999999999997, 19.0, 18.900000000000006, 24.099999999999994, 19.200000000000003, 25.800000000000004, 25.10000000000001, 27.199999999999996, 32.60000000000001, 18.799999999999997, 21.099999999999994, 20.700000000000003, 24.0, 22.799999999999997, 29.9, 21.5, 22.599999999999994, 23.900000000000006, 21.799999999999997, 45.300000000000004, 43.300000000000004, 41.10000000000001, 39.2, 36.800000000000004, 36.10000000000001, 19.799999999999997, 19.0, 23.0, 20.699999999999996, 23.200000000000003, 19.299999999999997, 20.5, 18.099999999999994, 19.700000000000003, 22.0, 21.400000000000006, 20.700000000000003, 21.200000000000003, 20.69999999999999, 20.799999999999997, 19.30000000000001, 33.0, 26.89999999999999, 22.5, 22.39999999999999, 24.4, 18.0, 23.900000000000006, 20.199999999999996, 18.89999999999999, 18.10000000000001, 18.299999999999997, 20.69999999999999, 18.799999999999997, 20.60000000000001, 23.900000000000006, 19.799999999999997, 23.799999999999997, 23.200000000000003, 24.299999999999997, 27.89999999999999, 18.30000000000001, 18.099999999999994, 18.60000000000001, 18.599999999999994;29.200000000000003, 30.900000000000006, 39.49999999999999, 29.5, 27.0, 27.400000000000006, 21.700000000000003, 30.200000000000003, 22.5, 22.099999999999994, 24.199999999999996, 30.60000000000001, 30.700000000000003, 43.7, 26.900000000000006, 21.5, 25.400000000000006, 35.2, 25.39999999999999, 21.299999999999997, 26.10000000000001, 27.599999999999994, 29.0, 32.800000000000004, 23.9, 23.700000000000003, 27.299999999999997, 24.099999999999994, 29.699999999999996, 23.099999999999994, 25.10000000000001, 26.699999999999996, 25.0, 40.8, 46.00000000000001, 31.5, 43.2, 40.00000000000001, 38.10000000000001, 35.7, 35.5, 26.5, 23.200000000000003, 20.5, 23.900000000000006, 22.5, 27.0, 31.599999999999994, 23.19999999999999, 21.099999999999994, 24.89999999999999, 23.0, 23.39999999999999, 21.700000000000003, 20.700000000000003, 21.299999999999997, 22.0, 21.5, 22.19999999999999, 20.599999999999994, 21.19999999999999, 20.5, 31.400000000000006, 28.099999999999994, 23.099999999999994, 26.299999999999997, 27.699999999999996, 23.5, 24.5, 22.799999999999997, 22.299999999999997, 22.0, 20.799999999999997, 26.5, 21.400000000000006, 23.799999999999997, 22.80000000000001, 24.299999999999997, 29.200000000000003, 23.19999999999999, 21.299999999999997, 22.099999999999994, 20.900000000000006;26.1, 31.099999999999994, 27.099999999999994, 29.39999999999999, 23.300000000000004, 23.699999999999996, 29.5, 41.0, 32.2, 36.8, 25.499999999999993, 33.7, 26.799999999999997, 42.89999999999999, 40.3, 29.5, 35.2, 39.5, 32.8, 42.699999999999996, 42.00000000000001, 25.6, 25.099999999999994, 31.400000000000006, 26.400000000000006, 27.60000000000001, 27.400000000000006, 33.3, 24.0, 34.099999999999994, 29.799999999999997, 25.000000000000007, 35.2, 33.89999999999999, 24.5, 25.5;28.60000000000001, 27.900000000000006, 30.299999999999997, 28.300000000000004, 41.400000000000006, 25.099999999999994, 25.799999999999997, 32.89999999999999, 25.700000000000003, 29.800000000000004, 29.700000000000003, 33.400000000000006, 27.999999999999993, 25.400000000000006
MP_Temperature min;0.0;0.0;0.0;0.0;0.0;0.0;0.0;0.0;0.0
MP_Temperature max;7.745966692414834;7.745966692414834;7.745966692414834;7.745966692414834;7.745966692414834;7.745966692414834;7.745966692414834;7.745966692414834;7.745966692414834
MP_Temperature mean;3.235194864657434;2.393998622882972;1.9225223142634404;2.9458130984404236;3.235043287468696;2.9365121206492804;2.974889746007767;3.099425228846405;2.07612672778221
MP_Temperature std;2.0891463700115698;2.03342818783991;1.0930137886977285;2.0645432396143923;2.158930659237662;1.586729359476658;1.5035460520599417;2.2144362215504976;1.0681767319237545
MP_Temperature q25;1.7580153022109368;0.6442495435136388;1.1866614856133813;1.540255889109798;1.8957498723957351;1.871756336585798;1.9533651014190252;1.429780700659387;1.3751987681012308
MP_Temperature median;3.013020405162232;2.043785279033778;1.6480158503376232;2.8835436088388597;3.217158063830279;2.7875881294749867;2.8071057104901946;2.962732215894518;1.8406760617742401
MP_Temperature q75;4.767589096291298;3.597623028603768;2.31288928503873;4.545274191297981;4.874035570094655;3.9048797514787323;3.8671505935038226;4.822923823409566;2.4598599469633227
MP_Humidity min;0.0;0.0;0.0;0.0;0.13723900772260275;0.0;0.0;0.09629639537816521;0.08462230675646379
MP_Humidity max;7.745966692414834;7.745966692414834;6.509192731484436;7.745966692414834;7.745966692414834;7.745966692414834;7.745966692414834;8.59978183920383;5.533155900258122
MP_Humidity mean;1.1339298442913226;1.2157287242034749;0.47174010102661107;0.4784985619596383;0.46252834701119905;0.4515523475388893;0.4278817409123288;0.4657477944362455;0.45867930808406737
MP_Humidity std;1.602870972455933;1.6246712646397152;0.4737963920409564;0.542418481186131;0.3570810653666258;0.4396284493734096;0.4666104039880412;0.4772232666836989;0.4489480028968919
MP_Humidity q25;0.24450175396310853;0.31400066937204785;0.22735519695354242;0.2203373474213039;0.2829769721073637;0.2364330510140878;0.2083859281364399;0.229342534890656;0.23907132986335614
MP_Humidity median;0.42262691320330675;0.47810081910438085;0.3163225667432688;0.3106923126542494;0.3532070179175266;0.3270892871855285;0.2894777883111929;0.31450867780711744;0.31055092257300443
MP_Humidity q75;1.1539611350464327;1.1796639720991862;0.524414477479856;0.5116947686637145;0.5012795775887073;0.5082886270313292;0.45799384473781324;0.5096770024009946;0.4743681643072235
