device_type,packet_rate,avg_packet_size,connection_count,bytes_sent,bytes_received,failed_connections,label
temperature_sensor,5,300,2,1500,1200,0,normal
temperature_sensor,6,320,2,1600,1300,0,normal
temperature_sensor,4,280,1,1200,1000,0,normal
gas_sensor,5,310,2,1550,1250,0,normal
gas_sensor,7,330,2,1700,1400,0,normal
door_lock,3,250,1,1000,900,0,normal
door_lock,4,260,1,1100,950,0,normal
camera,15,900,5,9000,7000,1,normal
camera,18,950,6,10000,7500,1,normal
smart_light,4,270,1,1300,1000,0,normal
smart_light,5,290,1,1400,1100,0,normal
temperature_sensor,60,2000,20,50000,40000,8,suspicious
gas_sensor,70,2200,18,70000,55000,9,suspicious
door_lock,45,1800,25,60000,50000,10,suspicious
camera,90,3000,40,120000,100000,15,suspicious
smart_light,55,1900,22,52000,41000,7,suspicious
temperature_sensor,80,2500,30,85000,65000,12,suspicious
gas_sensor,75,2400,28,78000,60000,11,suspicious
door_lock,50,1700,24,58000,48000,9,suspicious
camera,100,3500,45,150000,130000,20,suspicious